"Toponym","Freq","Type"
"]a",10,"Oikonym"
"]ankuwa",1,"Oikonym"
"]atra (?)",1,"Choronym"
"]data",1,"Oikonym"
"]išša",3,"Oikonym"
"]ka",1,"Oikonym"
"]kuiša",1,"Oikonym"
"]kunni[ (?)",1,"Oikonym"
"]la",1,"Oikonym"
"]man[",1,"Oikonym"
"]na",2,"Oikonym"
"]nat (?)",1,"Choronym"
"]panza",1,"Hydronym"
"]riya",2,"Oikonym"
"]šašena",1,"Oikonym"
"]tara",1,"Oronym"
"]tawiya",1,"Oikonym"
"]tišša",1,"Oikonym"
"]up[",1,"Oikonym"
"]wara",1,"Oronym"
"]ziya",2,"Oikonym"
"]zuwa-x-ru",1,"Choronym"
"Ḫa[ (?)",2,"Oikonym"
"Ḫa[ (?)",2,"Oronym"
"Ḫa[",75,"Choronym"
"Ḫa[",75,"Oronym"
"Ḫaḫḫa",27,"Oikonym"
"Ḫaḫḫaša (?)",1,"Oikonym"
"Ḫaḫaliya",2,"Oikonym"
"Ḫaḫar[",2,"Choronym"
"Ḫaḫarna",1,"Oikonym"
"Ḫaḫarwa",65,"Oronym"
"Ḫaḫaya",9,"Oronym"
"Ḫaḫiša",2,"Oikonym"
"Ḫadanta",3,"Oikonym"
"Ḫadawa[",1,"Oikonym"
"Ḫadduḫina",2,"Oikonym"
"Ḫadduna",1,"Oikonym"
"Ḫaddutari[",1,"Oikonym"
"Ḫaišiḫla",3,"Oikonym"
"Ḫaitta",7,"Oikonym"
"Ḫak[",2,"Oikonym"
"Ḫakkura",6,"Oikonym"
"Ḫakkura",6,"Oronym"
"Ḫakmiš",123,"Choronym"
"Ḫakurma",2,"Oronym"
"Ḫal",3,"Choronym"
"Ḫal[ (?)",1,"Oikonym"
"Ḫal[",4,"Oikonym"
"Ḫala",1,"Oikonym"
"Ḫalala",1,"Oikonym"
"Ḫalalazipa",5,"Oronym"
"Ḫalamušša[",1,"Oronym"
"Ḫalap",237,"Choronym"
"Ḫalaš[ (?)",1,"Oikonym"
"Ḫalenzuwa",1,"Hydronym"
"Ḫalila",5,"Oikonym"
"Ḫalimana",2,"Oikonym"
"Ḫalipašuwa",2,"Oikonym"
"Ḫalipašuwaša",1,"Oikonym"
"Ḫaliputta",7,"Oikonym"
"Ḫalipzuwa",1,"Oikonym"
"Ḫaliunza",1,"Oikonym"
"Ḫaliwa",2,"Oronym"
"Ḫallapiya",9,"Oikonym"
"Ḫallatta",1,"Oikonym"
"Ḫallawa",1,"Oikonym"
"Ḫalli[",1,"Oikonym"
"Ḫalma",1,"Oikonym"
"Ḫalmati[",1,"Oikonym"
"Ḫalmišna",4,"Oikonym"
"Ḫaltara",1,"Oikonym"
"Ḫalu[",1,"Oronym"
"Ḫaluna",5,"Oronym"
"Ḫalunuwa",1,"Oronym"
"Ḫaluwa",2,"Choronym"
"Ḫalwanna",6,"Oronym"
"Ḫamaḫula",3,"Oikonym"
"Ḫamalla",2,"Oikonym"
"Ḫamanta",2,"Oikonym"
"Ḫamara",2,"Oikonym"
"Ḫamiyara",1,"Oikonym"
"Ḫammuḫiya",1,"Oikonym"
"Ḫamša[",1,"Oikonym"
"Ḫamura",1,"Oikonym"
"Ḫamurkina",1,"Oikonym"
"Ḫanḫana",117,"Choronym"
"Ḫana",4,"Oikonym"
"Ḫana",4,"Oronym"
"Ḫananaka",2,"Oikonym"
"Ḫanašipa",2,"Oikonym"
"Ḫandawa",1,"Oikonym"
"Ḫanigalbat",20,"Choronym"
"Ḫaninkawa",3,"Oikonym"
"Ḫanita",1,"Choronym"
"Ḫannuwa",1,"Oronym"
"Ḫante[",1,"Oikonym"
"Ḫantelašiwa[",1,"Oikonym"
"Ḫanti[",2,"Oikonym"
"Ḫantilaššaya",1,"Oikonym"
"Ḫantišizuwa",2,"Oikonym"
"Ḫantitaššu",1,"Oikonym"
"Ḫantiyar",2,"Oronym"
"Ḫanzalwa",1,"Oikonym"
"Ḫanziwa",8,"Hydronym"
"Ḫanziwa",8,"Oikonym"
"Ḫanzu[",1,"Oikonym"
"Ḫanzula",1,"Oronym"
"Ḫanzušra",3,"Oikonym"
"Ḫanzuwali",1,"Oikonym"
"Ḫapaḫḫupa",1,"Hydronym"
"Ḫapalawaniya",1,"Oikonym"
"Ḫapalla",25,"Choronym"
"Ḫapanuwa",4,"Oikonym"
"Ḫaparḫuna",2,"Choronym"
"Ḫaparḫuna",2,"Oronym"
"Ḫapara",10,"Oikonym"
"Ḫapartuna",2,"Oikonym"
"Ḫapatḫa",16,"Oikonym"
"Ḫapidduini",4,"Oronym"
"Ḫapinuwa",2,"Oikonym"
"Ḫapit[",1,"Oikonym"
"Ḫappala",1,"Oikonym"
"Ḫappašna",2,"Oikonym"
"Ḫappuriya",4,"Oikonym"
"Ḫapšušukka",1,"Oikonym"
"Ḫapu[",1,"Oikonym"
"Ḫapuriya",1,"Oikonym"
"Ḫapušna",1,"Oikonym"
"Ḫaputta",1,"Oikonym"
"Ḫapzišna",2,"Oikonym"
"ḪAR[",5,"Oikonym"
"Ḫarḫaranda",3,"Oikonym"
"Ḫarḫarna",11,"Oikonym"
"Ḫarḫašuwanta",1,"Oikonym"
"Ḫarḫaya",1,"Oronym"
"Ḫara[",4,"Oikonym"
"Ḫaraḫara",4,"Oikonym"
"Ḫaraḫšu",2,"Oikonym"
"Ḫarana",5,"Oronym"
"Ḫarapašša",2,"Oikonym"
"Ḫarašḫapa",2,"Oikonym"
"Ḫarašta",2,"Oikonym"
"Ḫarašta[",1,"Oikonym"
"Ḫarazzuwa",3,"Oikonym"
"Ḫarduwa",1,"Oikonym"
"Ḫarga",8,"Oronym"
"Ḫari[",2,"Oikonym"
"Ḫarikkunduwa",1,"Oronym"
"Ḫarinima",1,"Oikonym"
"Ḫarinuma",1,"Oronym"
"Ḫarita",1,"Choronym"
"Ḫariya",5,"Oikonym"
"Ḫariya[",1,"Oronym"
"Ḫariyanta",3,"Oikonym"
"Ḫariyašiyaši",2,"Oikonym"
"Ḫariyašša",10,"Oikonym"
"Ḫariyati",2,"Choronym"
"Ḫariyati",2,"Oronym"
"Ḫarkiuna",2,"Oikonym"
"Ḫarkiya",3,"Oikonym"
"Ḫarmima",2,"Oikonym"
"Ḫarnunuwa",2,"Oikonym"
"Ḫarpanḫila",1,"Oikonym"
"Ḫarpana",1,"Oikonym"
"Ḫarpanta",4,"Oikonym"
"Ḫarpina",1,"Oikonym"
"Ḫarpiša",10,"Oikonym"
"Ḫarpušta",4,"Choronym"
"Ḫarputa",1,"Oikonym"
"Ḫarputauna",2,"Oikonym"
"Ḫarrana",31,"Choronym"
"Ḫarranašša",19,"Choronym"
"Ḫarranašša",19,"Oronym"
"Ḫarrawanna",1,"Oikonym"
"Ḫarša[",1,"Oikonym"
"Ḫaršalašša",2,"Oikonym"
"Ḫaršaliya",1,"Oikonym"
"Ḫaršanḫila",1,"Oikonym"
"Ḫaršumna",2,"Oikonym"
"Ḫaršuwa",1,"Oikonym"
"Ḫaršuwanta",1,"Oikonym"
"Ḫartakka",1,"Oikonym"
"Ḫartana",5,"Oikonym"
"Ḫartimika",1,"Oikonym"
"Ḫartitka",1,"Oikonym"
"Ḫaruanta",1,"Oikonym"
"Ḫaruwašša",1,"Oikonym"
"Ḫarwašiya",1,"Oikonym"
"Ḫarzamma (?)",1,"Oikonym"
"Ḫarzi[",1,"Oikonym"
"Ḫarzišna",1,"Oikonym"
"Ḫarziuna",19,"Choronym"
"Ḫaš[",2,"Oikonym"
"Ḫašḫašanta",3,"Oikonym"
"Ḫašḫašša",1,"Oikonym"
"Ḫašḫatatta",7,"Oikonym"
"Ḫaša[",2,"Oikonym"
"Ḫašala",1,"Hydronym"
"Ḫašarpanda",1,"Oikonym"
"Ḫašaša",1,"Oikonym"
"Ḫašašar",1,"Oikonym"
"Ḫašikašnawanta",2,"Oikonym"
"Ḫašinuwa",1,"Oikonym"
"Ḫaširuka",1,"Oikonym"
"Ḫaškaḫaškiwa (?)",4,"Oikonym"
"Ḫašpina",4,"Oikonym"
"Ḫašpinuwa",2,"Oikonym"
"Ḫaššana",1,"Oikonym"
"Ḫašši",7,"Oikonym"
"Ḫaššuwa",29,"Choronym"
"Ḫaššuwanta",2,"Oikonym"
"Ḫaštira",17,"Oikonym"
"Ḫaštiriya",1,"Oikonym"
"Ḫašturiya",1,"Oikonym"
"Ḫaštuwa",6,"Oikonym"
"Ḫašuna",11,"Oikonym"
"Ḫat[ ]nu",1,"Oikonym"
"Ḫat[",18,"Oikonym"
"Ḫatami[",1,"Oikonym"
"Ḫatar[",1,"Oikonym"
"Ḫatarša",1,"Choronym"
"Ḫataršanuwa",1,"Oikonym"
"Ḫataršuwa",1,"Oikonym"
"Ḫatenzuwa",50,"Choronym"
"Ḫati[",1,"Oikonym"
"Ḫatima",2,"Oikonym"
"Ḫatipuna",1,"Oikonym"
"Ḫatiša",2,"Oikonym"
"Ḫatitešpa",1,"Oikonym"
"Ḫatitina",1,"Oikonym"
"Ḫatiyaštanza",1,"Hydronym"
"Ḫatkara",1,"Oikonym"
"Ḫatku[",1,"Oikonym"
"Ḫatra",8,"Choronym"
"Ḫatra[",1,"Oikonym"
"Ḫatrawanda (?)",1,"Oikonym"
"Ḫatrawanda",1,"Oikonym"
"Ḫatta",1,"Oikonym"
"Ḫatta[",1,"Oikonym"
"Ḫattali",2,"Oikonym"
"Ḫattanna",4,"Choronym"
"Ḫattarašša",2,"Oikonym"
"Ḫattarina",75,"Oikonym"
"Ḫattena",32,"Choronym"
"Ḫatti (?)",1,"Oikonym"
"Ḫatti",2040,"Choronym"
"Ḫattuša",704,"Choronym"
"Ḫauri[",1,"Choronym"
"Ḫauttašša",2,"Oikonym"
"Ḫawa",2,"Oronym"
"Ḫawaliya",5,"Choronym"
"Ḫawalta",2,"Oikonym"
"Ḫawari[",1,"Oikonym"
"Ḫawarkina",8,"Choronym"
"Ḫaya[ (?)",1,"Oikonym"
"Ḫayaša",67,"Choronym"
"Ḫazalmuna",2,"Oronym"
"Ḫazka",5,"Choronym"
"Ḫazkala",1,"Oikonym"
"Ḫazu[",1,"Oikonym"
"Ḫazumiya",1,"Oikonym"
"Ḫazzi",51,"Oronym"
"Ḫeḫe",3,"Oronym"
"Ḫellara",4,"Hydronym"
"Ḫilaluḫa",2,"Oikonym"
"Ḫilamatiya",1,"Oikonym"
"Ḫilamma (?)",1,"Oikonym"
"Ḫilamma",3,"Oikonym"
"Ḫilara[",1,"Oikonym"
"Ḫilika",2,"Oikonym"
"Ḫimmuwa",27,"Choronym"
"Ḫimuša (?)",1,"Oikonym"
"Ḫin[",3,"Oikonym"
"Ḫinariwanda",2,"Choronym"
"Ḫinariya",2,"Oikonym"
"Ḫinduwa",3,"Oikonym"
"Ḫinzuta",3,"Oikonym"
"Ḫipuriya",3,"Oikonym"
"Ḫirutta",1,"Oikonym"
"Ḫiššašḫapa",50,"Choronym"
"Ḫišurla",13,"Oikonym"
"Ḫišwiya",1,"Oikonym"
"Ḫiwa[",1,"Oikonym"
"Ḫiwaššalli",1,"Oikonym"
"Ḫiwaššašša",2,"Oikonym"
"Ḫiwaššuwanta",2,"Oikonym"
"Ḫiya[",2,"Oikonym"
"Ḫiya[",2,"Oronym"
"Ḫiyašna",4,"Oikonym"
"Ḫizzanna (?)",1,"Oikonym"
"Ḫu[ (?)",1,"Oikonym"
"Ḫu[",8,"Choronym"
"Ḫu[",8,"Hydronym"
"Ḫu[",8,"Oronym"
"Ḫuḫḫura",1,"Oikonym"
"Ḫuḫana",1,"Oikonym"
"Ḫuḫuliya",1,"Oikonym"
"Ḫuḫušna",5,"Oronym"
"Ḫudduašša",1,"Oikonym"
"Ḫuit[",1,"Oikonym"
"Ḫul[",1,"Oikonym"
"Ḫulana",13,"Choronym"
"Ḫulana",13,"Hydronym"
"Ḫulaniya",3,"Oikonym"
"Ḫulanta",1,"Oikonym"
"Ḫulara",1,"Oikonym"
"Ḫulašša",16,"Oikonym"
"Ḫulaya",35,"Choronym"
"Ḫulaya",35,"Hydronym"
"Ḫulla",16,"Oronym"
"Ḫultiša",2,"Oikonym"
"Ḫulušiwanta",2,"Oronym"
"Ḫuluta[",1,"Oikonym"
"Ḫum[",1,"Oikonym"
"Ḫumaḫa",1,"Oikonym"
"Ḫuminteška",1,"Oikonym"
"Ḫunḫuišna",1,"Oikonym"
"Ḫuniya[",1,"Oikonym"
"Ḫuntara",4,"Choronym"
"Ḫupandaḫšuwa",1,"Oikonym"
"Ḫupanta",1,"Oikonym"
"Ḫupiḫšuwa",1,"Oikonym"
"Ḫupikašša",2,"Oikonym"
"Ḫupišna",67,"Choronym"
"Ḫupiššana",1,"Oikonym"
"Ḫuppa",4,"Oikonym"
"ḪUR.SAG.KALAM.MA",2,"Oikonym"
"Ḫur[",5,"Oikonym"
"Ḫura",1,"Oronym"
"Ḫuraḫna[",1,"Oikonym"
"Ḫuraliyant",1,"Oikonym"
"Ḫurla",6,"Oikonym"
"Ḫurla",6,"Oronym"
"Ḫurma",81,"Choronym"
"Ḫurna",20,"Choronym"
"Ḫurniya",8,"Choronym"
"Ḫurpana",1,"Oikonym"
"Ḫurpanta",1,"Oronym"
"Ḫurra",1,"Oronym"
"Ḫurraliya",1,"Oikonym"
"Ḫurri",351,"Choronym"
"Ḫurša",5,"Oikonym"
"Ḫurša[",4,"Oikonym"
"Ḫuršama",25,"Choronym"
"Ḫuršana",1,"Oronym"
"Ḫuršanašši",13,"Choronym"
"Ḫuruḫḫiš",2,"Oikonym"
"Ḫurutta",1,"Oikonym"
"Ḫurza",1,"Oronym"
"Ḫušša",2,"Oikonym"
"Ḫušura",2,"Oikonym"
"Ḫušutila",3,"Oikonym"
"Ḫutar[",1,"Oikonym"
"Ḫutpa",3,"Choronym"
"Ḫuttu[",1,"Oronym"
"Ḫutu",1,"Oikonym"
"Ḫuwa[",4,"Oikonym"
"Ḫuwa[",4,"Oronym"
"Ḫuwaḫḫuwarwa",1,"Oikonym"
"Ḫuwaḫarma",4,"Oronym"
"Ḫuwalušiya",8,"Choronym"
"Ḫuwana",2,"Oikonym"
"Ḫuwanara",1,"Oikonym"
"Ḫuwar[",1,"Oikonym"
"Ḫuwariya",1,"Oikonym"
"Ḫuwarmaššiya",2,"Oikonym"
"Ḫuwarniya",3,"Choronym"
"Ḫuwarniya",3,"Oronym"
"Ḫuwaršanašša",1,"Oikonym"
"Ḫuwaši[ (?)",1,"Oikonym"
"Ḫuwatnuwanta",10,"Oronym"
"Ḫuziyawaḫ[",1,"Oikonym"
"Ḫuzzimara",1,"Oikonym"
"°D°10",1,"Oronym"
"°D°ILLAT",1,"Oikonym"
"°D°IŠTARAN.DI.KUD",1,"Oikonym"
"°D°LAMMA",1,"Oikonym"
"°D°NANNA",1,"Oikonym"
"°D°NIN.SÚMUN",1,"Oikonym"
"°D°ŠUL.GI",1,"Oikonym"
"°GIŠ°KIRI6.MAḪ",1,"Oikonym"
"Á.ŠEŠ",2,"Oikonym"
"A[ (?)",1,"Hydronym"
"A[ ]ḫulana",1,"Choronym"
"A[",17,"Choronym"
"A[",17,"Oronym"
"Aḫ[",1,"Oikonym"
"Aḫḫašša",2,"Oikonym"
"Aḫḫiyawa",34,"Choronym"
"Aḫḫulla",1,"Oikonym"
"Aḫariwašša",1,"Oikonym"
"Aḫuna",1,"Oikonym"
"A°ḪI.A° LÚ°MEŠ°DAM.GAR",1,"Hydronym"
"Abzu",10,"Oikonym"
"Ada[",1,"Oikonym"
"Adalur",2,"Oronym"
"Adaniya",18,"Choronym"
"Adara",2,"Oikonym"
"Addimiša",1,"Oikonym"
"Adunuwa",3,"Oikonym"
"Adupara (?)",1,"Oikonym"
"Adut[",1,"Oikonym"
"Agade",37,"Choronym"
"Akulliri",15,"Oronym"
"Akuttariya",2,"Oronym"
"Al[ (?)",1,"Choronym"
"Al[",6,"Oikonym"
"Al[",6,"Oronym"
"Alḫa",4,"Choronym"
"Alḫiša",2,"Oikonym"
"Alḫiuta",2,"Oikonym"
"Alḫuḫim[",1,"Oikonym"
"Alḫuitta",2,"Oikonym"
"Alḫutiya (?)",1,"Oikonym"
"Ala",3,"Oikonym"
"Ala[",1,"Oikonym"
"Alaima",1,"Oikonym"
"Alalaḫ",13,"Choronym"
"Alaliya",1,"Oikonym"
"Alalla (?)",2,"Oikonym"
"Alana",5,"Oikonym"
"Alanza",1,"Oikonym"
"Alašiya",26,"Choronym"
"Alatarma",8,"Oikonym"
"Alatra",1,"Oikonym"
"Alauna",1,"Oikonym"
"Alazḫana",2,"Oikonym"
"Alda",13,"Hydronym"
"Alduna[",1,"Oikonym"
"Alila",1,"Oikonym"
"Alina",1,"Oronym"
"Ališa",27,"Choronym"
"Alkamaḫa",1,"Oikonym"
"Alkišana",1,"Oikonym"
"Alkizuwa",2,"Oikonym"
"Allanta",1,"Oikonym"
"Allašša",3,"Oikonym"
"Almina",6,"Choronym"
"Alminala",1,"Oikonym"
"Alpašiya",1,"Oikonym"
"Alše",20,"Choronym"
"Altanna",7,"Oikonym"
"Alu[",1,"Oikonym"
"Alulumiya",1,"Oikonym"
"Aluprata",2,"Oikonym"
"Aluša",2,"Choronym"
"Alwarunna",3,"Hydronym"
"Alzara",1,"Oikonym"
"Am[ (?)",2,"Oikonym"
"Am[ (?)",2,"Oronym"
"Ama[",2,"Oikonym"
"Amana",2,"Oikonym"
"Amanakipalu",1,"Oronym"
"Amka",8,"Choronym"
"Amkara",1,"Oikonym"
"Ammadana (?)",2,"Choronym"
"Ammala",3,"Hydronym"
"Ammaliya",1,"Oronym"
"Ammana",27,"Oronym"
"Ammarik",7,"Oronym"
"Ammarzakina",3,"Oronym"
"Ammuna",6,"Oikonym"
"Ammuna",6,"Oronym"
"Ampara",5,"Choronym"
"Ampuriya",1,"Oikonym"
"Ampuwana",2,"Oikonym"
"Amurru",100,"Choronym"
"An-x-an",1,"Oikonym"
"An[ ]na[",1,"Oikonym"
"An[",10,"Choronym"
"Anḫella",1,"Oikonym"
"Anḫirziya",1,"Oikonym"
"Ana",5,"Oikonym"
"Ana[",4,"Hydronym"
"Ana[",4,"Oikonym"
"Anamušta",2,"Oikonym"
"Ananumeni",1,"Oikonym"
"Anašapri[",2,"Oikonym"
"Anašipa",3,"Oikonym"
"ANI",2,"Oikonym"
"Aniša",3,"Oikonym"
"Anišamu",1,"Oikonym"
"Aniyatta",4,"Oikonym"
"Anka[ ]la",1,"Oikonym"
"Ankaliya",5,"Oikonym"
"Ankulla",24,"Oikonym"
"Ankuruwa",1,"Oikonym"
"Ankušna",4,"Oikonym"
"Ankušša[",1,"Oikonym"
"Ankuwa",167,"Choronym"
"Annappi",1,"Oikonym"
"Annapra",2,"Oikonym"
"Annašara",4,"Oikonym"
"Annauliliya",1,"Oikonym"
"Anniyain[",1,"Oikonym"
"Anta",1,"Oikonym"
"Anta[",1,"Oikonym"
"Antaliya",2,"Oikonym"
"Antalutta",1,"Oikonym"
"Antamišara",1,"Oikonym"
"Antarla",1,"Oikonym"
"Anunuwa",25,"Oikonym"
"Anwara (?)",1,"Oikonym"
"Anza",2,"Oikonym"
"Anzara",3,"Oikonym"
"Anzilatašši",2,"Oikonym"
"Anziliya",19,"Oikonym"
"Anzipa",2,"Oikonym"
"Anzitta",1,"Oikonym"
"Anzura",2,"Oikonym"
"Ap[ (?)",1,"Oronym"
"Ap[",2,"Oikonym"
"Apala",4,"Oikonym"
"Aparḫula",3,"Oikonym"
"Apašša",3,"Oikonym"
"Apawiya",6,"Choronym"
"Apaya",2,"Choronym"
"Apišušši",1,"Choronym"
"Appaiša",1,"Oikonym"
"Appari[",1,"Oikonym"
"Aprigak[ (?)",1,"Oronym"
"Apša",1,"Oikonym"
"Apzi",1,"Oikonym"
"Apzišna",6,"Oikonym"
"Ar[ (?)",1,"Oronym"
"Ar[ ]ḫuzi[",1,"Oikonym"
"Ar[ ]ma",1,"Oikonym"
"Ar[",9,"Choronym"
"Ar[",9,"Oronym"
"Arḫita",3,"Oikonym"
"Ara[",2,"Oikonym"
"Araḫti",6,"Oikonym"
"Arala",1,"Oikonym"
"Arampa",3,"Oikonym"
"Aranḫapilani",3,"Oronym"
"Arana",2,"Oikonym"
"Arantanna",2,"Oikonym"
"Aranzaḫi",16,"Hydronym"
"Aranzana",1,"Oikonym"
"Arara",3,"Oronym"
"Arawanna",27,"Choronym"
"Arazaštiya",2,"Oikonym"
"Argaišši",1,"Oikonym"
"Argapa",1,"Oronym"
"Ariḫuwa",2,"Oikonym"
"Arimatta",4,"Oikonym"
"Arinna",774,"Choronym"
"Arinnanda",16,"Oronym"
"Aripša",7,"Oikonym"
"Ariuwa",5,"Oikonym"
"Ariwa",2,"Oikonym"
"Ariwašuḫi",1,"Oikonym"
"Ariyanta",1,"Oikonym"
"Ariyattašša",3,"Oikonym"
"Ariyatti",2,"Oronym"
"Arkata",1,"Oikonym"
"Arlanta",4,"Oronym"
"Arlantuya",2,"Oikonym"
"Armani",1,"Choronym"
"Armatana",10,"Choronym"
"Arnaḫu[",1,"Oikonym"
"Arniya",1,"Oikonym"
"Arnuwanda",1,"Oronym"
"Arnuwanta",14,"Oronym"
"Arpa",2,"Oikonym"
"Arpuziya",1,"Oikonym"
"Arrana",1,"Oronym"
"Arrapḫa",9,"Choronym"
"Arša",1,"Oronym"
"Aršani",1,"Oikonym"
"Aršašša",1,"Oikonym"
"Aršauna",4,"Oikonym"
"Aršini",1,"Choronym"
"Arta[",1,"Oikonym"
"Artaḫpa",1,"Oikonym"
"Artaššuša",1,"Oikonym"
"Artišna",1,"Oikonym"
"Artukka",3,"Choronym"
"Artuna",1,"Oikonym"
"Artušša",1,"Oikonym"
"Aru[",3,"Oikonym"
"Aruar",2,"Oikonym"
"Arudda",1,"Oikonym"
"Arullašša",1,"Oikonym"
"Aruna",2,"Oikonym"
"Aruru[",1,"Oikonym"
"Arušna",41,"Oikonym"
"Arut[",1,"Oikonym"
"Arwaliya",1,"Oronym"
"Arwana",2,"Oikonym"
"Arzawa",156,"Choronym"
"Arziya",26,"Choronym"
"Aš[",3,"Choronym"
"Ašḫarpaya",7,"Oronym"
"Aša",1,"Oikonym"
"Aša[",1,"Oikonym"
"Ašana",2,"Choronym"
"Ašašḫa[",1,"Oikonym"
"Ašduḫera[",1,"Oikonym"
"Aši[",1,"Oikonym"
"Ašiḫu",2,"Oikonym"
"Aškali[",19,"Oronym"
"Aškaši[",1,"Oikonym"
"Aškašipa",14,"Oronym"
"Ašmiya",1,"Oikonym"
"Ašpinuwa",5,"Oikonym"
"Ašriya",2,"Hydronym"
"Ašša",1,"Oikonym"
"Aššarašša",2,"Oikonym"
"Aššaratta",5,"Choronym"
"Aššu",1,"Oikonym"
"Aššuitšuša",1,"Oikonym"
"Aššur",108,"Choronym"
"Aššuwa",11,"Choronym"
"Aštarpa",11,"Hydronym"
"Aštata",29,"Choronym"
"Aštayanta",4,"Hydronym"
"Aštemu[",1,"Oikonym"
"Aštenaippa[",1,"Oikonym"
"Aštigurka",4,"Oikonym"
"Aštilupi[",2,"Oikonym"
"Aštimaḫušša",1,"Choronym"
"Aštiyapra",40,"Oronym"
"Aštuyara",8,"Oikonym"
"Ašu[",1,"Oronym"
"Ašuḫulaya",1,"Choronym"
"Ašula",1,"Oikonym"
"Ašurna",1,"Oikonym"
"Ašušuḫa",1,"Oikonym"
"Ašuta",1,"Choronym"
"Ašuwašša",2,"Oikonym"
"At[",2,"Oikonym"
"Atḫulišša",6,"Oikonym"
"Ata[",1,"Oikonym"
"Atalḫazi",41,"Oikonym"
"atalki",1,"Choronym"
"Atalma (?)",1,"Oronym"
"Atarḫui",1,"Oikonym"
"Atarimma",6,"Choronym"
"Atarmapa",3,"Oikonym"
"Atarrawana",1,"Oikonym"
"Atarziya",1,"Oikonym"
"Atatura",2,"Choronym"
"Atga (?)",1,"Oikonym"
"Atiḫita",2,"Oikonym"
"Atpa[",1,"Oronym"
"Atriya",3,"Oikonym"
"Attapari (?)",1,"Oronym"
"Auna",2,"Oikonym"
"Aura",6,"Oikonym"
"Auriya",6,"Oronym"
"Auwa[",2,"Oikonym"
"Auwara",1,"Oikonym"
"Awa",1,"Oikonym"
"Awana",1,"Oikonym"
"Awara",1,"Oronym"
"Awarna",4,"Oikonym"
"Awina",2,"Oikonym"
"Ayakki",2,"Oikonym"
"Ayala[",1,"Oikonym"
"Ayara",1,"Oikonym"
"Aylanuwa",3,"Choronym"
"Az[",3,"Choronym"
"Az[",3,"Oronym"
"Aziki",1,"Oikonym"
"Azpišna",1,"Oikonym"
"Azuwašši",1,"Oikonym"
"Azzi",46,"Choronym"
"BAD-daniyašša",1,"Oikonym"
"BAD-tunni[",1,"Oikonym"
"Baluḫašša",1,"Hydronym"
"Biruta",2,"Oikonym"
"Da[",4,"Oikonym"
"Daḫa",66,"Oronym"
"Daḫa[",1,"Choronym"
"Daḫara",11,"Choronym"
"Daḫara",11,"Hydronym"
"Daḫara[",1,"Oikonym"
"Daḫarama",1,"Oikonym"
"Daḫaruwa",1,"Oronym"
"Daḫaya",10,"Oikonym"
"Daḫaya",10,"Oronym"
"Daḫdaḫḫu",1,"Choronym"
"Dadat[",1,"Oikonym"
"Daddaḫaya",1,"Hydronym"
"Dagannunta",1,"Oikonym"
"Daganza",1,"Oikonym"
"Daganziya",1,"Oikonym"
"Dahašta (?)",2,"Hydronym"
"Dakašu[",1,"Oikonym"
"Dala",2,"Oikonym"
"Dalawa",14,"Choronym"
"Dammelḫa",2,"Oikonym"
"Damnašara",1,"Oronym"
"Damrata (?)",1,"Hydronym"
"Damša (?)",1,"Oikonym"
"Danku[",2,"Oronym"
"Dankušna",3,"Choronym"
"Dankuwa",9,"Choronym"
"Darutena",1,"Oronym"
"Dašša",2,"Oikonym"
"Daššenatta",4,"Choronym"
"Datti[",1,"Oikonym"
"Datumma (?)",1,"Oikonym"
"Diweššaipwe (?)",1,"Oikonym"
"Du[ ]ni[",1,"Oikonym"
"Du[",9,"Oikonym"
"Du[",9,"Oronym"
"Duḫdušna",1,"Oikonym"
"DU6",2,"Oikonym"
"Duddu[",2,"Oikonym"
"Duddu[",2,"Oronym"
"Duddul",5,"Oikonym"
"Duddušga",5,"Oikonym"
"Dudulma",1,"Oikonym"
"Duk[",1,"Oikonym"
"Dukkamma",8,"Oikonym"
"Dukriš",2,"Oikonym"
"Duldu[",1,"Hydronym"
"Dumantiya",1,"Oikonym"
"Dunanapa",6,"Choronym"
"Dunna",22,"Choronym"
"Dunniyari",3,"Oronym"
"Dunta",7,"Oikonym"
"Dupitta",1,"Oikonym"
"Dura",3,"Choronym"
"Durmitta",79,"Choronym"
"Duruwaduruwa",2,"Oikonym"
"Dušḫapa",1,"Oikonym"
"Dušara",3,"Oronym"
"Duwawiya",1,"Oikonym"
"Eḫuriya (?)",1,"Oronym"
"Ebla",37,"Oikonym"
"Egara",1,"Oikonym"
"Eki[",1,"Hydronym"
"Ekuši",1,"Oronym"
"Elam",20,"Choronym"
"Ella",2,"Hydronym"
"Ellipra",3,"Oikonym"
"Elluriya",6,"Oronym"
"Emar",3,"Oikonym"
"Ememeya",2,"Oikonym"
"Enduwa",1,"Oikonym"
"Eridu (?)",1,"Oikonym"
"ERIN",1,"Oronym"
"Erzeli",3,"Oronym"
"Eš[",1,"Oronym"
"Etarziya",1,"Oronym"
"Etna",6,"Oronym"
"Ga[ (?)",1,"Oikonym"
"Gaggapaḫa",2,"Oikonym"
"Gal[",1,"Choronym"
"Galaniya",4,"Oronym"
"Galaš[",1,"Choronym"
"Galli[",1,"Hydronym"
"Galpi[",2,"Choronym"
"GAM-ta",1,"Choronym"
"GAM-ta",1,"Hydronym"
"Ganazpa",1,"Oronym"
"Gapagapa",3,"Oronym"
"Gapallunuwa",1,"Oronym"
"Gapeltapi",1,"Oikonym"
"Gapiliwanta",2,"Oikonym"
"Gaški[",1,"Oikonym"
"Gašmiyaḫa",1,"Oikonym"
"Gaštaḫaruga",1,"Oikonym"
"Gašumiya[",1,"Oikonym"
"Gatuma",3,"Oikonym"
"Gawattagga",1,"Oikonym"
"Gawattaru",1,"Oikonym"
"Gazgalpaduna",2,"Oikonym"
"Gazu[",1,"Oikonym"
"Gazzana",1,"Oikonym"
"Gazzarunaili",1,"Hydronym"
"Gazzimar",19,"Oikonym"
"Gazziura",5,"Oikonym"
"GE6",2,"Oronym"
"Gi[ (?)",1,"Oikonym"
"Giala",2,"Oikonym"
"GÚ.DU8.ŠÚ.A",1,"Oikonym"
"GÚ.ŠÚ.A",1,"Choronym"
"Gubla",2,"Oikonym"
"Gullallia",1,"Oronym"
"Gullanta",2,"Oikonym"
"Gulme[",1,"Choronym"
"Gulpina",1,"Oikonym"
"Gurganta",1,"Oikonym"
"Gurmaliya",1,"Hydronym"
"Guršammašša",6,"Oikonym"
"Gurta",2,"Oikonym"
"Gurtališša",2,"Oikonym"
"GURUN-ašša",1,"Oikonym"
"GUŠKIN",1,"Oronym"
"HAR[",5,"Choronym"
"Haššalana",2,"Oronym"
"I[",5,"Hydronym"
"I[",5,"Oikonym"
"Iḫuwalli[",1,"Oikonym"
"Idaḫalmuna",4,"Oronym"
"Idiqlat",1,"Hydronym"
"Idu[",1,"Oikonym"
"Ik[",1,"Oikonym"
"Ikakališ",3,"Oikonym"
"Ikakšipa",1,"Choronym"
"Ikallati",1,"Oikonym"
"Ikinkali",13,"Oikonym"
"Ikšuna",5,"Oikonym"
"Iku[",1,"Oikonym"
"Ikulana (?)",1,"Oronym"
"Ikušši[",2,"Oikonym"
"Ikuwaniya",7,"Choronym"
"Il[",1,"Oikonym"
"Ilal[",1,"Oronym"
"Ilalimma",2,"Oikonym"
"Ilaluḫa",2,"Choronym"
"Ilanzura",2,"Choronym"
"Ilawa",1,"Oikonym"
"Iliša",3,"Oronym"
"Illa",1,"Hydronym"
"Illaya",25,"Oikonym"
"Imgarra",1,"Oronym"
"Impa",3,"Oikonym"
"Impaziya",2,"Oikonym"
"Imraḫaššuwa",1,"Choronym"
"Imralla",2,"Hydronym"
"Imralla",2,"Oikonym"
"Imuniya[",1,"Oikonym"
"In[",1,"Oikonym"
"Ina[",2,"Hydronym"
"Ina[",2,"Oronym"
"Inašara",2,"Choronym"
"Inatarziya",2,"Oronym"
"Ingalawa",1,"Oikonym"
"Intuḫḫu[",1,"Oikonym"
"Inurta",1,"Oikonym"
"Inutaḫapa",2,"Oikonym"
"Inuwita",4,"Oikonym"
"Inzaluḫa",2,"Oikonym"
"Inzalwa",1,"Oikonym"
"Inzili",2,"Oikonym"
"Inzilitipa",1,"Oikonym"
"Ipiara[",1,"Oikonym"
"Ipiš[ (?)",1,"Oikonym"
"Ippaššana",2,"Choronym"
"Ipšuwa",2,"Oikonym"
"Iptalaim",2,"Oikonym"
"Irḫanta",3,"Oikonym"
"Irgata",1,"Oikonym"
"Irima",1,"Oikonym"
"Iripa",1,"Oikonym"
"Irrana",1,"Oronym"
"Irrita",23,"Choronym"
"Irriwa",2,"Oikonym"
"Iš[",9,"Choronym"
"Iš[",9,"Oronym"
"Išḫa[",1,"Oikonym"
"Išḫara",1,"Oronym"
"Išḫaruwa",1,"Oikonym"
"Išḫašḫuriya",1,"Hydronym"
"Išḫinparla",2,"Oikonym"
"Išḫupa",1,"Choronym"
"Išḫupitta",39,"Choronym"
"Išaruišša",1,"Oikonym"
"Išašpara",1,"Oikonym"
"Išdaḫarunuwa",5,"Oronym"
"Išdaḫiša",3,"Oikonym"
"Išdammutar",3,"Oikonym"
"Iškalu[",1,"Oikonym"
"Iškamaḫašša",4,"Choronym"
"Iškapḫizna",1,"Oikonym"
"Iškazuwa",3,"Oikonym"
"Iškila",2,"Oikonym"
"Iškiša",2,"Oronym"
"Iškiya",1,"Oikonym"
"Išku[",1,"Oikonym"
"Iškula",1,"Oikonym"
"Iškuruḫa",3,"Choronym"
"Iškuruwa",1,"Oikonym"
"Iškuša",1,"Hydronym"
"Išmirika",16,"Choronym"
"Išnati",1,"Oikonym"
"Išpi[",1,"Oikonym"
"Išputaštiwa",1,"Oronym"
"Iššanašša",3,"Oikonym"
"Išta[",1,"Oikonym"
"Ištaḫara",44,"Choronym"
"Ištaluppa",6,"Choronym"
"Ištami[",2,"Oikonym"
"Ištanuwa",57,"Oikonym"
"Ištapana",1,"Oikonym"
"Ištiruwa",4,"Oikonym"
"Ištiš[",1,"Oikonym"
"Ištištaḫa",1,"Choronym"
"Ištitina",20,"Choronym"
"Ištuḫila",5,"Oikonym"
"Ištumišta",3,"Oikonym"
"Ištuna",1,"Oikonym"
"Ištupišta",1,"Oikonym"
"Išu[",1,"Oronym"
"Išuwa",81,"Choronym"
"Itiḫa",1,"Oikonym"
"Itipa",2,"Oikonym"
"Itla",3,"Oikonym"
"Ittuma",2,"Oikonym"
"Iuḫašteli",1,"Oikonym"
"Iuḫini",1,"Oronym"
"Iumiyarini",1,"Oikonym"
"Iunzarašta",1,"Oikonym"
"Iupapaina",1,"Oikonym"
"Iuppašlu[",1,"Oikonym"
"Iwašḫa[",1,"Oikonym"
"Iwatalliša",1,"Oikonym"
"Iya[",1,"Oikonym"
"Iyaḫala",2,"Choronym"
"Iyaḫrešša",14,"Oikonym"
"Iyakanuina",2,"Oikonym"
"Iyakkuriya",3,"Oikonym"
"Iyalanta",21,"Choronym"
"Iyali[",1,"Oronym"
"Iyama",2,"Oikonym"
"Iyanina",1,"Oikonym"
"Iyaruwata",11,"Oikonym"
"Iyašanta",3,"Oikonym"
"Iyaupapa",1,"Oikonym"
"Iyaušuriya",1,"Oikonym"
"Iyauwanta",3,"Hydronym"
"Iyauwanta",3,"Oronym"
"Iyazappalanta (?)",1,"Oikonym"
"Izḫanigga",1,"Oikonym"
"Izziya",4,"Oikonym"
"KA (?)",1,"Oikonym"
"Ka[ (?)",1,"Oikonym"
"Ka[",34,"Choronym"
"Ka[",34,"Oronym"
"Kaḫamešša",1,"Oikonym"
"Kaḫat",5,"Oikonym"
"Kaḫatḫina",1,"Oikonym"
"Kaḫlawa",1,"Oikonym"
"Kadudupa",2,"Oikonym"
"Kaitḫarza",1,"Oikonym"
"Kaitana",2,"Oikonym"
"Kakalna",1,"Oikonym"
"Kakarpa",1,"Oikonym"
"Kakaršuwa",1,"Oikonym"
"Kakatuwa",5,"Oikonym"
"Kakšat",4,"Oikonym"
"Kakumaḫa",3,"Oikonym"
"Kala[",4,"Choronym"
"Kalapiya",2,"Oikonym"
"Kalašma",25,"Choronym"
"Kalašmitta",8,"Oikonym"
"Kalašumiya",2,"Oikonym"
"Kalilapu",3,"Hydronym"
"Kalimuna",8,"Oikonym"
"Kalkiya",1,"Oikonym"
"Kallištapa",29,"Oronym"
"Kalmazita[",1,"Oikonym"
"Kalmiya",1,"Oikonym"
"Kalpašanaḫila",2,"Oikonym"
"Kalwadda",2,"Oikonym"
"Kalzana",2,"Oikonym"
"Kalzarapara",4,"Oronym"
"Kam[",1,"Oikonym"
"Kamam[ (?)",1,"Oronym"
"Kamari",1,"Oikonym"
"Kammaḫu",2,"Oronym"
"Kammala",5,"Choronym"
"Kammaliya",8,"Oronym"
"Kammama",38,"Choronym"
"Kammuziya",1,"Oikonym"
"Kanara",2,"Oikonym"
"Kanawiya",2,"Oikonym"
"Kandurna",8,"Oronym"
"Kaneš",126,"Choronym"
"Kanešḫa",4,"Choronym"
"Kaneši",1,"Oikonym"
"Kanešta[",1,"Oronym"
"Kanin[",2,"Oikonym"
"Kanitḫi",1,"Choronym"
"Kaniya",1,"Oikonym"
"Kankazuwa",1,"Oikonym"
"Kannuwara",13,"Oikonym"
"Kantaḫuya",1,"Oronym"
"Kantišiša",2,"Oikonym"
"Kanuwaya",1,"Oikonym"
"Kanzana",2,"Oikonym"
"Kanzapita",3,"Oikonym"
"Kap[",1,"Oikonym"
"Kapanuwanta",3,"Oikonym"
"Kapapaḫša",3,"Oikonym"
"Kapapaḫšuwa",3,"Oikonym"
"Kaparša",2,"Oikonym"
"Kaparuwa",1,"Oikonym"
"Kapaškupina",2,"Oronym"
"Kapaštara",2,"Oikonym"
"Kapaštuštu",3,"Oikonym"
"Kapazata (?)",1,"Oikonym"
"Kapazuwa",1,"Oronym"
"Kapipiša",2,"Oikonym"
"Kapiruḫa",8,"Choronym"
"Kapitašamna",6,"Oikonym"
"Kapitta",5,"Oikonym"
"Kapittara",2,"Oikonym"
"Kapiunama (?)",1,"Oikonym"
"Kaplawiya",2,"Oikonym"
"Kappaduwa",1,"Oikonym"
"Kappatta",3,"Oikonym"
"Kapperi",5,"Oikonym"
"Kappuppuwa",4,"Choronym"
"Kappurnanta",2,"Oikonym"
"Kappušiya",2,"Oikonym"
"Kapšalla",2,"Hydronym"
"Kapšalla",2,"Oronym"
"Kaptazumi[",2,"Oikonym"
"Kapura[",1,"Oikonym"
"Kapušku",2,"Oikonym"
"Kaputta",1,"Oikonym"
"Kar[",5,"Choronym"
"Kar[",5,"Oronym"
"Karaḫna",74,"Choronym"
"Karašma",1,"Choronym"
"Karašuwa",4,"Oikonym"
"Karduniaš",158,"Choronym"
"Kargamiš",127,"Choronym"
"Karikuriška",1,"Oikonym"
"Kariuna",3,"Oikonym"
"Karkarna",2,"Oikonym"
"Karkaziya",2,"Oikonym"
"Karki[",1,"Oikonym"
"Karkiša",15,"Choronym"
"Karkiya",4,"Choronym"
"Karkuma",1,"Oikonym"
"Karna",2,"Oronym"
"Karpa[",1,"Choronym"
"Karša[",1,"Oronym"
"Karšaniya",1,"Oikonym"
"Kartapaḫa",33,"Oikonym"
"Kartiuna",3,"Oronym"
"Kartuša",1,"Oikonym"
"Karu[",1,"Oikonym"
"Karupaḫa",4,"Oikonym"
"Karuš[",1,"Oikonym"
"Kaš[",2,"Oikonym"
"Kašḫa",46,"Oikonym"
"Kašara",2,"Oikonym"
"Kašašša",9,"Oikonym"
"Kašaya",18,"Oikonym"
"Kašduḫa",3,"Oikonym"
"Kašdumiša",1,"Oikonym"
"Kašduwara",4,"Oikonym"
"Kašiliya",1,"Oikonym"
"Kašima",1,"Choronym"
"Kašimula",1,"Oikonym"
"Kašipa",3,"Choronym"
"Kašipaḫa",1,"Oikonym"
"Kašipura",21,"Oikonym"
"Kaška",254,"Choronym"
"Kaškiya",1,"Oikonym"
"Kašparuna",2,"Oikonym"
"Kašša",2,"Oikonym"
"Kaššiya",10,"Choronym"
"Kaššiyara",9,"Oronym"
"Kaššu",12,"Choronym"
"Kaššu",12,"Oronym"
"Kaštama",87,"Choronym"
"Kaštana",1,"Oikonym"
"Kaštaraya",1,"Hydronym"
"Kaštarištuwa",1,"Oikonym"
"Kaštariyapa",3,"Oikonym"
"Kašula",10,"Choronym"
"Kašulišna",1,"Oikonym"
"Kašuriya",1,"Oikonym"
"Kat[ (?)",1,"Oikonym"
"Kat[",2,"Oikonym"
"Katḫaidduwa",3,"Oikonym"
"Katḫariya",4,"Choronym"
"Kataḫḫa",4,"Oikonym"
"Katala",3,"Oronym"
"Katalaḫniaša",2,"Oikonym"
"Kataladuwa",2,"Oikonym"
"Katapa",137,"Choronym"
"Katarga",2,"Oikonym"
"Katašera",1,"Oikonym"
"Kati[",1,"Oikonym"
"Katitimišša",3,"Oikonym"
"Katiya",2,"Oikonym"
"Katruma",5,"Oikonym"
"Kattanna",3,"Choronym"
"Kattemarna",1,"Oikonym"
"Kattešišša",2,"Oikonym"
"Kattila",9,"Oikonym"
"Kattitimuwa",6,"Oikonym"
"Kattiwa",1,"Oikonym"
"Kaumar",2,"Oikonym"
"Kawa[",1,"Oikonym"
"Kawarna",3,"Oikonym"
"Kayupa",2,"Oikonym"
"Kaz[",3,"Choronym"
"Kazaḫa (?)",1,"Oikonym"
"Kazaḫa",2,"Oikonym"
"Kazzapa",7,"Oikonym"
"Kazzaupašša",1,"Oikonym"
"Kazzi[",1,"Oikonym"
"Kazzilu[",1,"Oikonym"
"Kella",3,"Hydronym"
"KI (?)",1,"Oikonym"
"Ki[",4,"Choronym"
"Kidawanda",2,"Oronym"
"Kikkipra",2,"Oikonym"
"Kikkizzina",2,"Oikonym"
"Kikkumrina",2,"Oikonym"
"Kil[",1,"Oikonym"
"Kilimuna",4,"Oikonym"
"Kilinuna",3,"Oronym"
"Kilišra",10,"Oikonym"
"KIN.TI",1,"Oikonym"
"Kinaḫḫa",6,"Choronym"
"Kinkališa",6,"Oronym"
"Kinnara",4,"Choronym"
"Kinta",1,"Oikonym"
"Kinza",35,"Choronym"
"Kipitta",1,"Oikonym"
"Kippinipi",1,"Hydronym"
"Kiš (?)",1,"Oikonym"
"Kiš",1,"Oikonym"
"Kišanta (?)",1,"Oikonym"
"Kiškilušša",5,"Oikonym"
"Kišmitta",1,"Oikonym"
"Kišpuwa",2,"Choronym"
"Kiššina",1,"Oikonym"
"Kiššiya",1,"Choronym"
"Kištama",1,"Oikonym"
"Kištumiša",1,"Oikonym"
"Kišula",1,"Oikonym"
"Kitawiluwa",1,"Oikonym"
"Kiuta",2,"Oikonym"
"Kizi[",1,"Oikonym"
"Kiziwar",3,"Oikonym"
"Kizzi[",1,"Oikonym"
"Kizzuwatna",249,"Choronym"
"Ku[",8,"Choronym"
"Ku[",8,"Oronym"
"Kuḫa[",1,"Oikonym"
"Kuduwa",3,"Oronym"
"Kuenzuliya (?)",1,"Oikonym"
"Kuiluna",1,"Oikonym"
"Kuina[",1,"Hydronym"
"Kuišgani",1,"Oikonym"
"Kuizna/Kuizzana",2,"Oikonym"
"Kukkuddana",2,"Oikonym"
"Kukumušša",1,"Oronym"
"Kukuwawa",1,"Oikonym"
"Kula[",1,"Oronym"
"Kuli",1,"Oikonym"
"Kulilla",10,"Oikonym"
"Kulišša[",1,"Oikonym"
"Kulitḫa",2,"Oronym"
"Kulita",1,"Oikonym"
"Kuliwišna",120,"Oikonym"
"Kuluppa",4,"Oikonym"
"Kum[",2,"Oikonym"
"Kumma",6,"Oikonym"
"Kumma[",1,"Oikonym"
"Kummaḫa",12,"Choronym"
"Kummanešmaḫ",1,"Oikonym"
"Kummanni",145,"Choronym"
"Kummara",4,"Hydronym"
"Kummarna",5,"Oikonym"
"Kummešmaḫa",9,"Choronym"
"Kummešmaḫa",9,"Hydronym"
"Kummi[",1,"Oikonym"
"Kummiya",47,"Oikonym"
"Kun[",2,"Oikonym"
"Kunaduwa[",1,"Hydronym"
"Kunaššarwa",4,"Oikonym"
"Kunkumišša",7,"Oronym"
"Kunkuniya",1,"Oikonym"
"Kunniyara",1,"Oikonym"
"Kuntara",2,"Oikonym"
"Kuntiya",1,"Oronym"
"Kunzinašša",2,"Oikonym"
"Kup[",1,"Oikonym"
"Kupara",2,"Oikonym"
"Kupi[",1,"Oikonym"
"Kupita",2,"Oronym"
"Kupra",1,"Oikonym"
"KUR _ŠAPLITI",22,"Choronym"
"KUR UGU",46,"Choronym"
"Kur[",1,"Oikonym"
"Kurḫi",4,"Oronym"
"Kuraliya",1,"Oronym"
"Kuranda",1,"Oikonym"
"Kurimma",1,"Oronym"
"Kuriwanta",1,"Oronym"
"Kurkanza",1,"Oikonym"
"Kurkuddunni",6,"Oronym"
"Kurkurešša",2,"Oikonym"
"Kurna",2,"Oronym"
"Kurrišša",1,"Oikonym"
"Kurša",3,"Oikonym"
"Kurša[",2,"Oikonym"
"Kuršan[",1,"Oikonym"
"Kuršaura",1,"Choronym"
"Kurta[",1,"Oikonym"
"Kurtanašša",2,"Oikonym"
"Kurupaššiya",1,"Oikonym"
"Kurupiya",3,"Choronym"
"Kuruštama",24,"Oikonym"
"Kušḫušḫuna",2,"Oikonym"
"Kuša[",1,"Oikonym"
"Kušlu[",1,"Oronym"
"Kuššar",25,"Oikonym"
"Kuššuriya",2,"Oikonym"
"Kut[",1,"Oikonym"
"Kutmar",2,"Oikonym"
"Kutpa",1,"Oikonym"
"Kutpina",2,"Oikonym"
"Kutupitašša",1,"Oikonym"
"Kutupšašši",1,"Choronym"
"Kuwa",1,"Oikonym"
"Kuwakuwaliyata",1,"Oronym"
"Kuwalana",4,"Oikonym"
"Kuwalana",4,"Oronym"
"Kuwalapašša",3,"Choronym"
"Kuwaliya",23,"Choronym"
"Kuwaliyatta",1,"Oronym"
"Kuwanna",1,"Oikonym"
"Kuwannaniya",29,"Hydronym"
"Kuwanni",2,"Choronym"
"Kuwapita",1,"Oronym"
"Kuwari",3,"Oronym"
"Kuwarina",1,"Choronym"
"Kuwarpiša",1,"Oikonym"
"Kuwaršawanta",2,"Oikonym"
"Kuwašariya",1,"Oikonym"
"Kuwaštuḫḫuriḫšena",1,"Oikonym"
"Kuwati",1,"Oikonym"
"Kuwatilša",2,"Oronym"
"Kuzaštarina",2,"Oikonym"
"Kuzina",1,"Oikonym"
"Kuzinišini",1,"Oikonym"
"Kuzuruwa",2,"Oikonym"
"La[ (?)",1,"Hydronym"
"La[ ]yašpu",1,"Hydronym"
"La[ ]za",1,"Oikonym"
"La[",4,"Choronym"
"Laḫa",1,"Oronym"
"Laḫina[",2,"Oikonym"
"Laḫinašši",1,"Oikonym"
"Laḫirḫila",1,"Oikonym"
"Laḫpišu",1,"Oronym"
"Laḫtaraḫura",1,"Oikonym"
"Laḫurama",5,"Oikonym"
"Laḫuwazantiya",8,"Oikonym"
"Laḫuwiyašši",1,"Oikonym"
"Labla",4,"Oronym"
"Lablana",17,"Oronym"
"Laiuna",5,"Oikonym"
"Lak[",1,"Oikonym"
"Lakkarwa",2,"Oikonym"
"Lakkimiša",8,"Oikonym"
"Lakkiš[",2,"Oikonym"
"Lakku",7,"Oikonym"
"Lakkurišša",1,"Oikonym"
"Laknaniga",1,"Oikonym"
"Lakterišša",1,"Oikonym"
"Lalḫa",6,"Choronym"
"Lalanda",5,"Choronym"
"Lalapaduwa",4,"Oronym"
"Lalatta",1,"Oikonym"
"Lalawainta",2,"Oikonym"
"Lalla",2,"Oikonym"
"Lallupiya",45,"Oikonym"
"Lamiya",3,"Oikonym"
"Lamma",1,"Oikonym"
"Lammanza[",1,"Oikonym"
"Landa",27,"Oikonym"
"Lapana",1,"Oikonym"
"Lapašunuwa",4,"Oronym"
"Lappina",1,"Oikonym"
"Lappišna",1,"Oikonym"
"Lar[ ]wanda",1,"Oikonym"
"Larak",1,"Choronym"
"Laranta",1,"Oikonym"
"Larša (?)",1,"Hydronym"
"Laršiliya",2,"Oikonym"
"Laruna",2,"Oikonym"
"Lašti[",1,"Oikonym"
"Lawanta",3,"Oikonym"
"Lawaša",2,"Oronym"
"Lawata",9,"Choronym"
"Lawata",9,"Oronym"
"Lawazantiya",84,"Oikonym"
"Lazpa",3,"Choronym"
"Lazumiya",2,"Oikonym"
"Li",1,"Oikonym"
"Li[ (?)",1,"Oikonym"
"Li[",2,"Choronym"
"Liḫaya (?)",1,"Oikonym"
"Liḫša",4,"Oikonym"
"Liḫša",4,"Oronym"
"Liḫzina",72,"Oikonym"
"Liḫzina",72,"Oronym"
"Lik[",1,"Oikonym"
"Likpi[",1,"Oikonym"
"Lillima",1,"Oikonym"
"Lim[",1,"Oronym"
"Limiya",1,"Hydronym"
"Lip[",1,"Oikonym"
"Lipa",1,"Oikonym"
"Lipawaya",1,"Oikonym"
"Liprašša",2,"Oikonym"
"Lišipra",3,"Oikonym"
"Lit[",1,"Choronym"
"Litta",1,"Oikonym"
"Lu[",2,"Oikonym"
"Luḫḫuššantiya",1,"Oikonym"
"Luḫma",3,"Choronym"
"LUGAL",1,"Oikonym"
"Lukarḫi",2,"Oikonym"
"Lukka",24,"Choronym"
"Lukkantaya",1,"Oikonym"
"Lukkata",2,"Oikonym"
"Lukšašši",1,"Oikonym"
"Lula",9,"Oronym"
"Luli[",1,"Oikonym"
"Lulia",1,"Oikonym"
"Lulluwa",10,"Choronym"
"Lupuruna",1,"Oikonym"
"Luša",1,"Choronym"
"Lušapa",1,"Oikonym"
"Lušna",9,"Oikonym"
"Lut[",1,"Oikonym"
"Luwana",2,"Oikonym"
"Luwiya",41,"Choronym"
"Ma[ (?)",1,"Oikonym"
"Ma[ ]itama",1,"Oikonym"
"Ma[",10,"Choronym"
"Ma[",10,"Hydronym"
"Maḫḫara",1,"Oronym"
"Maḫḫut[",1,"Oikonym"
"Maḫa[",1,"Oikonym"
"Maḫarmaḫa",1,"Oikonym"
"Maḫašušša",1,"Choronym"
"Maḫauš[",1,"Choronym"
"Maḫilištarniya",1,"Hydronym"
"Maḫrimma",1,"Oikonym"
"Maḫu[",1,"Oikonym"
"Maḫuduwa",1,"Oikonym"
"Maḫuirašša",3,"Oikonym"
"Maḫuliya",2,"Oronym"
"Maddunašša",6,"Oikonym"
"Magapašana (?)",1,"Oikonym"
"Makarwanta",1,"Oikonym"
"Makitta",2,"Oikonym"
"Makkuwaliya",1,"Oikonym"
"Mal[",1,"Oikonym"
"Malḫuwaliyata",1,"Oikonym"
"Mala",33,"Hydronym"
"Malazziya",19,"Choronym"
"Maliluḫa",1,"Oikonym"
"Malimaliya",5,"Oronym"
"Malitaškuri",8,"Oikonym"
"Malitta",3,"Oikonym"
"Maliwatta",1,"Oikonym"
"Maliya (?)",1,"Oronym"
"Maliya",3,"Hydronym"
"Maliyašša",1,"Oikonym"
"Maltiya",6,"Oikonym"
"Mammaranda",2,"Hydronym"
"Mamnanta",4,"Choronym"
"Manayara",1,"Oikonym"
"Manaziyara",2,"Oikonym"
"Manuziya",170,"Oikonym"
"Manuziya",170,"Oronym"
"Manzana",5,"Oikonym"
"Marad",1,"Oikonym"
"Mararḫa",1,"Oikonym"
"Marašša",6,"Oikonym"
"Maraššanta",74,"Hydronym"
"Maraššantiya",22,"Oikonym"
"Mardaman",2,"Oikonym"
"Marduwa",1,"Oikonym"
"Margana",2,"Oikonym"
"Mari[",2,"Oikonym"
"Marišta",17,"Choronym"
"Marištaḫa",2,"Oikonym"
"Marit[",1,"Choronym"
"Maršuwa",3,"Oikonym"
"Maršuwa",3,"Oronym"
"MÁŠ.ANŠE-anta",1,"Oronym"
"Maša",37,"Choronym"
"Maššiya",1,"Oikonym"
"Maštura",4,"Oikonym"
"Mata",2,"Oikonym"
"Matana",1,"Oronym"
"Matikša",1,"Oikonym"
"Matilla",31,"Oikonym"
"Mattarwanta",1,"Oikonym"
"Mawa",1,"Oikonym"
"Mawala",1,"Oikonym"
"Mawaliya",2,"Oikonym"
"Mawaliya",2,"Oronym"
"Maziya",1,"Oikonym"
"Mazuwati",1,"Oikonym"
"Mazzawanta",2,"Oronym"
"Mazzun[",1,"Oikonym"
"Meluḫḫa",4,"Choronym"
"Mi[",5,"Choronym"
"Mila",1,"Oikonym"
"Mililiya",1,"Oikonym"
"Millawanda",8,"Choronym"
"Miltiya",1,"Oikonym"
"Mimi",1,"Oikonym"
"Miniya",1,"Oikonym"
"Minuziya",2,"Oikonym"
"Mira",74,"Choronym"
"Mirinzana",2,"Oikonym"
"Miššuwanza",1,"Oikonym"
"Mišturaḫa",9,"Oikonym"
"Mit[",1,"Oikonym"
"Mita",4,"Oikonym"
"Mitanni",83,"Choronym"
"Mituwa",1,"Choronym"
"Mitwa[",1,"Oikonym"
"Miyara",2,"Oikonym"
"Mizamizana",1,"Oikonym"
"Mizri",330,"Choronym"
"Mizzuwa",1,"Oikonym"
"Mu[ ]wanda",1,"Oronym"
"Mu[",2,"Oikonym"
"Mukiš",23,"Choronym"
"Muliyanda",5,"Oronym"
"Munanta",1,"Oikonym"
"Munna[",2,"Oikonym"
"Munnapta",3,"Oikonym"
"Mur[",1,"Oikonym"
"Mura",3,"Oikonym"
"Muranḫila",1,"Oronym"
"Muranta",1,"Hydronym"
"Murašši",2,"Oikonym"
"Murišta",4,"Oronym"
"Murmuriga",9,"Choronym"
"Murti",1,"Oronym"
"Mušnaḫi[",1,"Oikonym"
"Muššeli (?)",2,"Hydronym"
"Mušunipa",4,"Oikonym"
"Mutḫa",1,"Oikonym"
"Mutamutašša",4,"Choronym"
"Mutarašši",1,"Oikonym"
"Muttana",2,"Oikonym"
"Muwa[",1,"Oikonym"
"Muwari",1,"Oronym"
"Muzananta",1,"Oikonym"
"Na[",4,"Oikonym"
"Naḫḫanta",2,"Oikonym"
"Naḫḫuriya",1,"Oikonym"
"Naḫita",4,"Choronym"
"Nadašḫapa",1,"Oikonym"
"Nak[",1,"Oikonym"
"Nakkiliya",6,"Hydronym"
"Nakkiliyata",6,"Hydronym"
"Nanaparziya",3,"Oronym"
"Nanni",32,"Oronym"
"Napri (?)",1,"Oronym"
"Napriki",1,"Oronym"
"Narapituwa",1,"Oikonym"
"Naruwa",1,"Oikonym"
"Naša",2,"Oikonym"
"Našalma",2,"Oronym"
"Nata",3,"Oikonym"
"Natara",2,"Oronym"
"Natkina",2,"Oikonym"
"Naulišša",1,"Oikonym"
"Nawa[",1,"Oikonym"
"Nawari",2,"Oikonym"
"Ne[",8,"Oikonym"
"Nenašḫuriya",1,"Oikonym"
"Nenašša",28,"Oikonym"
"Nenišankuwa",5,"Oikonym"
"Nera",4,"Oikonym"
"Nerik",664,"Choronym"
"Nerik",664,"Hydronym"
"Neša",45,"Oikonym"
"Newa(?)",1,"Oikonym"
"Neya[",1,"Oronym"
"Ni[",9,"Choronym"
"Niḫriya",4,"Oikonym"
"NÍG.GUL-uwa",1,"Choronym"
"Nikku",1,"Choronym"
"Nikzi",1,"Oikonym"
"Nilapšini",1,"Oikonym"
"Ninainta",3,"Oikonym"
"Niniwa",163,"Choronym"
"Ninniwaš",1,"Oikonym"
"Nippur",3,"Oikonym"
"Nirḫanta",1,"Oikonym"
"Nirinigatašši",2,"Oikonym"
"Niriša",1,"Oikonym"
"Niwama",2,"Oikonym"
"Niwanzuya",1,"Oikonym"
"Niya",21,"Choronym"
"Niyawar (?)",1,"Oikonym"
"Nu[",1,"Oikonym"
"Nuḫašše",47,"Choronym"
"Nuḫayana",1,"Oikonym"
"Nuadu",1,"Oikonym"
"Nura[",1,"Oronym"
"Pa[",5,"Oikonym"
"Paḫḫišalma",1,"Oikonym"
"Paḫḫura",2,"Oikonym"
"Paḫḫuwa",24,"Choronym"
"Paḫašunuwa",9,"Choronym"
"Paḫašunuwa",9,"Oronym"
"Paḫšuna",1,"Oikonym"
"Paḫtima",3,"Oikonym"
"Paḫurina",1,"Choronym"
"Paḫurina",1,"Oronym"
"Paḫutiya",1,"Oikonym"
"Pada",3,"Oikonym"
"Paduwanta",2,"Oikonym"
"Pakaripa",3,"Oikonym"
"Pakki[",1,"Oikonym"
"Pakkurunuwa",2,"Oikonym"
"Pakummaliya",1,"Oikonym"
"Pal[",1,"Oikonym"
"Palḫanta",1,"Oikonym"
"Palḫanuwa",1,"Oikonym"
"Palḫišna",2,"Oikonym"
"Palḫuišša",19,"Oikonym"
"Pala",53,"Choronym"
"Palapalašša",3,"Oikonym"
"Pali[",1,"Oikonym"
"Pališna",1,"Oikonym"
"Paliya",4,"Oikonym"
"Palkunta",1,"Oikonym"
"Palmata",1,"Oikonym"
"Palunta",4,"Oikonym"
"Panata",3,"Oikonym"
"Panatan[",1,"Oikonym"
"Pani[",1,"Oikonym"
"Panišša",2,"Oikonym"
"Pantapašḫa",1,"Oikonym"
"Pantarwanta",1,"Oikonym"
"Papanḫa",7,"Choronym"
"Par[",1,"Oronym"
"Parḫa",5,"Choronym"
"Parḫi[",1,"Oikonym"
"Para",1,"Oikonym"
"Para[",2,"Oikonym"
"Paramanzana",1,"Oikonym"
"Parašša",2,"Choronym"
"Paraššana",1,"Choronym"
"Paraššuwanda",1,"Oikonym"
"Paraya",4,"Oikonym"
"Parduwata",8,"Oikonym"
"Parinta",1,"Oikonym"
"Parišta",3,"Choronym"
"Pariya",2,"Oikonym"
"Pariyana",1,"Choronym"
"Pariyašša",1,"Oikonym"
"Parka",6,"Choronym"
"Parkalla",3,"Oikonym"
"Parkantiya",3,"Oikonym"
"Parmanna",13,"Oikonym"
"Parmašḫapa",2,"Hydronym"
"Parmašḫapa",2,"Oikonym"
"Parminašša",3,"Oikonym"
"Parminiya",2,"Oikonym"
"Parminta",4,"Oikonym"
"Parnašša",13,"Oikonym"
"Parpara",1,"Oikonym"
"Parparzina",2,"Choronym"
"Parša",6,"Oikonym"
"Paršananḫila",4,"Oikonym"
"Paršananziya",2,"Oikonym"
"Paršanzi",1,"Oikonym"
"Parta",1,"Oikonym"
"Partaḫuina",2,"Oikonym"
"Partanḫila",1,"Oikonym"
"Partanta",1,"Oikonym"
"Partaparta",1,"Oikonym"
"Partiya",4,"Oikonym"
"Parukita",1,"Oikonym"
"Parzaliuwa",1,"Oikonym"
"Pašaya",1,"Oikonym"
"Pašdu[",1,"Oikonym"
"Pašduwaduwa",1,"Oikonym"
"Paštu",1,"Oikonym"
"Pašuḫalta",4,"Choronym"
"Pašuna",1,"Oikonym"
"Pašura",1,"Oikonym"
"Patalliya",2,"Choronym"
"Pateu[",1,"Oikonym"
"Patina",2,"Oikonym"
"Patta[",1,"Choronym"
"Pawankipa",1,"Oikonym"
"Pawazziya",1,"Oikonym"
"Peḫa (?)",1,"Oikonym"
"Pentaya",1,"Oronym"
"Pera[",1,"Oikonym"
"Pi-x-šuli[",1,"Oikonym"
"Pi[",5,"Oikonym"
"Pi[",5,"Oronym"
"Piḫaššašši",5,"Oikonym"
"Piggainarešša",16,"Choronym"
"Piggaya",1,"Oikonym"
"Pikanunuša",1,"Oikonym"
"Pikkauzza",10,"Choronym"
"Pikumiya[",2,"Oikonym"
"Pikurzi",1,"Oikonym"
"Pin[",1,"Oikonym"
"Pina",3,"Oikonym"
"Pinašara",3,"Hydronym"
"Pinpiniya",1,"Oikonym"
"Pintalašša",1,"Oikonym"
"Pipiniya",1,"Oikonym"
"Pipišnawa",2,"Oikonym"
"Pipišuwa",2,"Oikonym"
"Pipita",18,"Oikonym"
"Pirḫina",3,"Oikonym"
"Pirana",1,"Oikonym"
"Pirpiranza",2,"Oronym"
"Pirpiri[",2,"Oronym"
"Pirumna",2,"Oikonym"
"Pirundummeya",4,"Oikonym"
"Pirwašši",2,"Oronym"
"Pirwaššuwa",1,"Oikonym"
"Piš[",1,"Oikonym"
"Pišḫapuwaišša",4,"Oikonym"
"Pišḫuru",6,"Oikonym"
"Piša",1,"Oikonym"
"Pišaiša",33,"Choronym"
"Pišaiša",33,"Oronym"
"Pišana",1,"Oikonym"
"Pišat[",1,"Oikonym"
"Pišatinišša",1,"Oikonym"
"Piška[",1,"Oikonym"
"Piškarana",2,"Oronym"
"Piššuleštišša (?)",1,"Oikonym"
"Pišunupašši",2,"Oikonym"
"Pišuwa[",1,"Oikonym"
"Pitḫuna",1,"Oikonym"
"Pitaniyašša",1,"Oikonym"
"Pitašša",28,"Choronym"
"Pitina",1,"Oikonym"
"Pitiš[",1,"Oikonym"
"Pittagalašša",8,"Oikonym"
"Pittalaḫša",15,"Oikonym"
"Pittiyarik",33,"Oikonym"
"Pitummašša (?)",2,"Oronym"
"Pitummašša",1,"Oronym"
"Pitura",2,"Oikonym"
"Pizzalaniša",1,"Oikonym"
"Pizzuḫa[",1,"Oikonym"
"PÚ-mari",5,"Hydronym"
"PÚ.GAL",3,"Oikonym"
"Pu[",2,"Hydronym"
"Pu[",2,"Oronym"
"Puḫa",1,"Oikonym"
"Puḫanta",4,"Oikonym"
"Pugan[",1,"Hydronym"
"Pukkiššuwa",1,"Oikonym"
"Pulaliya",1,"Oronym"
"Pulantariša",2,"Oikonym"
"Puli[",1,"Oronym"
"Punta",1,"Oikonym"
"Punuma",3,"Oikonym"
"Pupara",7,"Oronym"
"Puputana",4,"Oikonym"
"Pur[",1,"Hydronym"
"Puranda",55,"Hydronym"
"Puranda",55,"Oikonym"
"Puruna",12,"Hydronym"
"Purušḫanda",38,"Choronym"
"Puruwa",1,"Oronym"
"Pušḫanda",1,"Oronym"
"Puškurum[",1,"Oronym"
"Puškurunuwa",54,"Oronym"
"Puštupaštuwa",1,"Oikonym"
"Qa[",1,"Choronym"
"Qatna",2,"Oikonym"
"Rabu",1,"Oronym"
"Rimuš",5,"Oikonym"
"Ša[ ]in",1,"Oikonym"
"Ša[",25,"Choronym"
"Šaḫḫaniya",7,"Oikonym"
"Šaḫḫu[",1,"Oikonym"
"Šaḫḫuiliya",2,"Oikonym"
"Šaḫḫupa",2,"Oikonym"
"ŠaḫaniyaŠaḫḫaniya",1,"Oikonym"
"Šaḫaputa",1,"Oikonym"
"Šaḫimutaimi",1,"Oikonym"
"Šaḫita",1,"Oikonym"
"Šaḫmi[",1,"Oikonym"
"Šaḫpina",32,"Oikonym"
"Šaḫuwaliya",3,"Oikonym"
"Šaḫuwar[",1,"Oronym"
"Šaḫuwiya",2,"Oikonym"
"Šaḫuzara",2,"Choronym"
"Šaḫuzimiša",2,"Oikonym"
"SA5",6,"Hydronym"
"SA5",6,"Oikonym"
"Šadanti",1,"Oikonym"
"Šahḫupidda",1,"Oronym"
"Šaiztawa",1,"Oikonym"
"Šakalu[",1,"Oikonym"
"Šakamaḫa",5,"Oikonym"
"Šakantarwa",1,"Oikonym"
"Šakantawiya",1,"Oikonym"
"Šakazuwa",1,"Oikonym"
"Šakdunuwa",12,"Choronym"
"Šakdunuwa",12,"Oronym"
"Šakkura",1,"Oikonym"
"Šakrida",1,"Oikonym"
"Šakukkitiya",1,"Oikonym"
"Šakuriya (?)",1,"Oronym"
"Šakurka",1,"Oikonym"
"Šal[",1,"Oikonym"
"Šala",6,"Oikonym"
"Šala[",1,"Oronym"
"Šalaḫšuwa",4,"Oikonym"
"Šalaliwara",1,"Oikonym"
"Šalampa",16,"Oikonym"
"Šalašḫa",1,"Oikonym"
"Šalašna",1,"Oikonym"
"Šalatiwara",11,"Oikonym"
"Šalawašša",3,"Oikonym"
"Šaliduwanta",1,"Oronym"
"Šalipaššana",2,"Oikonym"
"Šalitašši",2,"Oikonym"
"Šaliti",1,"Oronym"
"Šalitta",1,"Oikonym"
"Šaliwana",2,"Oronym"
"Šaliya",7,"Oikonym"
"Šalkuwa[ ]aš",1,"Oronym"
"Šallapa",17,"Oikonym"
"Šallatana",1,"Choronym"
"Šallešša",2,"Oikonym"
"Šalli[",1,"Choronym"
"Šalluwatašši",3,"Oikonym"
"Šalma",13,"Oikonym"
"Šalmaku",1,"Hydronym"
"Šalmali[",1,"Oikonym"
"Šalpa",3,"Choronym"
"Šalpašša",1,"Oikonym"
"Šalunatašši",3,"Oikonym"
"Šaluša",2,"Choronym"
"Šalušna",1,"Oikonym"
"Šaluwanta",9,"Choronym"
"Šaluwanta",9,"Oronym"
"Šamišana",2,"Oikonym"
"Šamlušna",1,"Oikonym"
"Šammaḫa",3,"Oikonym"
"Šammaḫa",3,"Oronym"
"Šammaliya",1,"Oikonym"
"Šamri",6,"Hydronym"
"Šamuḫa",271,"Choronym"
"Šamura",7,"Hydronym"
"Šanḫara",6,"Choronym"
"Šanḫata",3,"Choronym"
"Šana",1,"Oikonym"
"Šana[",1,"Oikonym"
"Šanaḫuitta",29,"Choronym"
"Šanana[",1,"Oikonym"
"Šananawiya",2,"Oikonym"
"Šananta",3,"Oikonym"
"Šanantarwa",3,"Oikonym"
"Šanantiya",4,"Oikonym"
"Šanapra",2,"Oikonym"
"Šanawayanza",3,"Oikonym"
"Šangaruna",1,"Oikonym"
"Šanita",2,"Oikonym"
"Šankawa",1,"Oikonym"
"Šankurayašša",1,"Oikonym"
"Šantašara",2,"Oikonym"
"Šantimma",3,"Oikonym"
"Šantiwara",2,"Oikonym"
"Šantu[",1,"Oikonym"
"Šanukita",2,"Oikonym"
"Šapa[",1,"Oikonym"
"Šapakurwanta",2,"Oikonym"
"Šapana",2,"Oronym"
"Šapantaliya",3,"Oikonym"
"Šaparanda",4,"Oikonym"
"Šaparaššana",10,"Choronym"
"Šaparaššana",10,"Oronym"
"Šaparima",1,"Oikonym"
"Šapi[",3,"Oikonym"
"Šapidduwa",15,"Choronym"
"Šapinuwa",84,"Choronym"
"Šapla",2,"Oikonym"
"Šappa",4,"Choronym"
"Šapparta (?)",1,"Oikonym"
"Šappitta",1,"Oikonym"
"Šapuwa",2,"Choronym"
"Šar-KID[",1,"Oikonym"
"Šar[",3,"Oikonym"
"Šaraḫaddu",2,"Oikonym"
"Šarantuwa",3,"Oikonym"
"Šarawa",2,"Oikonym"
"Šardannalla",1,"Oikonym"
"Šari[",1,"Oikonym"
"Šaripiya",1,"Oikonym"
"Šarišša",54,"Oikonym"
"Šarišša",54,"Oronym"
"Šariššiya",1,"Oronym"
"Šariya",4,"Hydronym"
"Šariya",4,"Oikonym"
"Šariyana",5,"Oronym"
"Šariyanta",1,"Choronym"
"Šarka",1,"Oikonym"
"Šarkatašina",1,"Oikonym"
"Šarkuza",1,"Oikonym"
"Šarlaimi",9,"Oronym"
"Šarmamma",10,"Hydronym"
"Šarmana",7,"Choronym"
"Šarmanzana",1,"Oikonym"
"Šarnanta",1,"Oikonym"
"Šarpa",24,"Oronym"
"Šarpainta",1,"Oikonym"
"Šarpunuwa",3,"Oronym"
"Šarranḫapa (?)",1,"Oikonym"
"Šarri[",1,"Hydronym"
"Šartiya",3,"Oikonym"
"Šarummišta",3,"Oikonym"
"Šarwa[",1,"Oronym"
"Šarwalašši",2,"Oikonym"
"Šarwantašša",1,"Oronym"
"Šaš[",1,"Oikonym"
"Šašana",2,"Oikonym"
"Šašimuwa",1,"Oikonym"
"Šašpiduwa (?)",1,"Oikonym"
"Šašša",1,"Oikonym"
"Šaššanda",3,"Oikonym"
"Šaššara",1,"Oikonym"
"Šaššita",1,"Choronym"
"Šaššuna",3,"Oikonym"
"Šatina",1,"Oikonym"
"Šatupa",12,"Choronym"
"Šatušna",1,"Oikonym"
"Šawanta",1,"Hydronym"
"Šawatta",1,"Oikonym"
"Šawiya",1,"Oikonym"
"Šayanuwanta",1,"Oikonym"
"Še[",1,"Oikonym"
"Šeḫa",29,"Choronym"
"Šeḫa",29,"Hydronym"
"Šeḫiriya",7,"Hydronym"
"Šeḫiriya",7,"Oikonym"
"Šekta",1,"Oikonym"
"Šenda",1,"Oikonym"
"Šepiša",1,"Oronym"
"Šera",3,"Oronym"
"Šerašata",1,"Oikonym"
"Šerigga",1,"Oikonym"
"Šerišša",7,"Oikonym"
"Ši[ ]ya",1,"Choronym"
"Ši[",2,"Hydronym"
"Ši[",2,"Oronym"
"Šiḫ[",1,"Oikonym"
"Šiḫarna",1,"Oikonym"
"Šiḫrawata",1,"Oronym"
"Šidduwa",13,"Oronym"
"Šienzana",1,"Oikonym"
"SIG4-anḫila",12,"Oikonym"
"Šigaššiga",2,"Hydronym"
"Šik[",1,"Oikonym"
"Šikariša (?)",1,"Oikonym"
"Šikeldi",6,"Oikonym"
"Šilwaya[",2,"Oikonym"
"Šimmura",8,"Oikonym"
"Šimmuwa",1,"Oikonym"
"Šimmuwanta",1,"Oikonym"
"Šiname",1,"Oikonym"
"Šinamu[",2,"Oikonym"
"Šinapši",9,"Oronym"
"Šinaruwa",2,"Oikonym"
"Šinatela",2,"Oronym"
"Šinaya",1,"Oikonym"
"Šinipala",1,"Oronym"
"Šinniyari",3,"Oronym"
"Šinut",1,"Oikonym"
"Šinuwa",2,"Oikonym"
"Šinuwanta",4,"Choronym"
"Šipišaši",1,"Oikonym"
"Šippa",4,"Oikonym"
"Sippar",8,"Hydronym"
"Sippar",8,"Oikonym"
"Šippinuwaru",2,"Hydronym"
"Šippitta",1,"Oikonym"
"Šippuwa",2,"Oikonym"
"Šipri",1,"Oikonym"
"Širina",1,"Oikonym"
"Širuliya",1,"Oikonym"
"Širwa",1,"Oikonym"
"Šišpinuwa",1,"Oronym"
"Šišura",2,"Oikonym"
"Šitḫana",1,"Oronym"
"Šitarpu",16,"Hydronym"
"Šitarpu",16,"Oikonym"
"Šittara",1,"Oronym"
"Šiwanta",2,"Choronym"
"Šiya (?)",1,"Oikonym"
"Šiyanda",11,"Choronym"
"Šiyanda",11,"Hydronym"
"Šiyara",2,"Oikonym"
"Šiyatta",1,"Oikonym"
"Šu[ (?)",1,"Oikonym"
"Šu[",6,"Choronym"
"Šuḫi",3,"Choronym"
"Šuḫupu[",1,"Oikonym"
"Šuḫupuruša",1,"Oikonym"
"Šuḫureššiša",1,"Oikonym"
"Šuḫuriya",2,"Choronym"
"Šubartu",9,"Choronym"
"Šudul",4,"Oikonym"
"Šukziya",28,"Oikonym"
"ŠUL.ḪI.A",1,"Oikonym"
"Šullama",8,"Oikonym"
"Šullama",8,"Oronym"
"Šulupašši",32,"Oikonym"
"Šuluppa",1,"Oikonym"
"Šum[",1,"Oikonym"
"Šumanzana",6,"Oikonym"
"Šummiyara",6,"Oronym"
"Šunnara",3,"Oronym"
"Šunupašši",12,"Oikonym"
"Šupa[",1,"Oikonym"
"Šupi[",1,"Oikonym"
"Šuplanda",1,"Oikonym"
"Šuppiluliya",5,"Hydronym"
"Šuppiluliya",5,"Oikonym"
"Šuppinna",1,"Oronym"
"Šura",1,"Oikonym"
"Šuranḫapa",1,"Oikonym"
"Šurila",2,"Oronym"
"Šurimma",3,"Choronym"
"Šurišta",2,"Oikonym"
"Šuriyanta",1,"Oronym"
"Šurumiya",3,"Oronym"
"Šurun",1,"Oikonym"
"Šuruta",4,"Choronym"
"Šuruwa",3,"Oikonym"
"Šusa",3,"Oikonym"
"Šušuwa[",1,"Hydronym"
"Šutrula",2,"Hydronym"
"Šuttašna",2,"Oikonym"
"Šutu",13,"Choronym"
"Šuwa[",1,"Choronym"
"Šuwanta",1,"Choronym"
"Šuwanzana",7,"Oikonym"
"Šuwanzuwana",1,"Oikonym"
"Šuwara",8,"Oronym"
"Šuwarzapa",2,"Oikonym"
"Šuwarziya",6,"Oronym"
"Šuwaššuwa",4,"Oikonym"
"Šuwatara",3,"Choronym"
"Ta[ (?)",3,"Oikonym"
"Ta[ ]ir[",1,"Oikonym"
"Ta[ ]uma",1,"Oikonym"
"Ta[ ]uya",1,"Oikonym"
"Ta[ ]wišta",1,"Oikonym"
"Ta[",39,"Oikonym"
"Ta[",39,"Oronym"
"TAḪ-x[",1,"Oikonym"
"Taḫḫiša",1,"Oikonym"
"Taḫa[",1,"Oikonym"
"Taḫalḫat[",2,"Oikonym"
"Taḫalmuna",3,"Oronym"
"Taḫamuta",1,"Oikonym"
"Taḫana",1,"Oikonym"
"Taḫanga",2,"Oikonym"
"Taḫani[",1,"Oikonym"
"Taḫanišara",2,"Oikonym"
"Taḫanpirwa",1,"Oikonym"
"Taḫantariya",4,"Oikonym"
"Taḫantatipa",4,"Choronym"
"Taḫanzi[",1,"Oronym"
"Taḫapina",4,"Oikonym"
"Taḫappišuna",2,"Oikonym"
"Taḫaripa",2,"Oikonym"
"Taḫaš[",1,"Oikonym"
"Taḫašara",3,"Oikonym"
"Taḫašta",5,"Oikonym"
"Taḫaštuwara",1,"Oikonym"
"Taḫataruna",1,"Oikonym"
"Taḫazzimuna",6,"Oikonym"
"Taḫazziziya",1,"Oikonym"
"Taḫišama",1,"Oikonym"
"Taḫišna",1,"Oikonym"
"Taḫmutara",2,"Choronym"
"Taḫniwara",2,"Oikonym"
"Taḫpašara",1,"Oikonym"
"Taḫpita",2,"Oikonym"
"Taḫuiški",1,"Oikonym"
"Taḫurpa",81,"Oikonym"
"Tadduenza",1,"Oikonym"
"Tadduri",1,"Oronym"
"Tagamunaya",1,"Oikonym"
"Taištipa",1,"Choronym"
"Taita",8,"Oikonym"
"Taitanta",2,"Oikonym"
"Takalmuḫa",7,"Oikonym"
"Takapašuwa",2,"Oikonym"
"Takapuwa",1,"Oikonym"
"Takarpa",2,"Hydronym"
"Takašta (?)",1,"Choronym"
"Takašta",37,"Choronym"
"Takašturiya",1,"Oikonym"
"Takata",4,"Oronym"
"Takduša",3,"Oikonym"
"Takkimiš",1,"Oikonym"
"Takkiputta",6,"Oikonym"
"Takkiša",1,"Oikonym"
"Takku[",1,"Oikonym"
"Takkumiša",1,"Oikonym"
"Takkupša",12,"Choronym"
"Takkuwaḫina",6,"Choronym"
"Takniyara",3,"Oronym"
"Takpatta (?)",1,"Oikonym"
"Takšana",3,"Choronym"
"Takurka",9,"Oronym"
"Takuruwa[",1,"Oikonym"
"Takušna",3,"Oikonym"
"Talakima",3,"Oronym"
"Tali[",1,"Oikonym"
"Talipaziya",3,"Oikonym"
"Taliya",2,"Oronym"
"Talkamušiya",1,"Oikonym"
"Talmakuwa",1,"Oronym"
"Talmaliya",22,"Choronym"
"Talmuna",1,"Oikonym"
"Talpa",1,"Oikonym"
"Talukaya",2,"Oikonym"
"Talwanuwa",4,"Oikonym"
"Talwi[",1,"Oikonym"
"Talwišuwanta",1,"Oikonym"
"Tamalkiya",5,"Oikonym"
"Tamarmara",5,"Oikonym"
"Tamašḫuna",1,"Oikonym"
"Tamata",2,"Oikonym"
"Tameni[",1,"Oikonym"
"Tametta",4,"Oikonym"
"Tamininka",17,"Oikonym"
"Taminta",1,"Choronym"
"Tamišruna",2,"Oikonym"
"Tamluta",2,"Oikonym"
"Tamuriya",2,"Oronym"
"Tan[",2,"Oikonym"
"Tanak[",1,"Oikonym"
"Tani[",1,"Oikonym"
"Tanipiya",5,"Oikonym"
"Taniškuriya",10,"Oikonym"
"Taništaḫa",1,"Oikonym"
"Taniwanda",1,"Oikonym"
"Tanizila",29,"Oikonym"
"Tanpi",1,"Oikonym"
"Tanuna",1,"Choronym"
"Tap[ (?)",1,"Oikonym"
"Tap[",1,"Oikonym"
"Tapḫalu",2,"Oikonym"
"Tapalḫunuwa",6,"Oronym"
"Tapala",18,"Oronym"
"Tapalga",1,"Oikonym"
"Tapalupa",3,"Oikonym"
"Tapapaḫšuwa",2,"Oikonym"
"Tapapanuwa",10,"Choronym"
"Tapapašnuwa",1,"Oikonym"
"Taparla",1,"Oikonym"
"Tapartika",1,"Oikonym"
"Taparuka",1,"Oikonym"
"Tapašawa",2,"Choronym"
"Tapašawatta",1,"Oikonym"
"Tapašpa",2,"Oikonym"
"Tapašša[",1,"Oikonym"
"Tapašunuwa",3,"Oronym"
"Tapaunwa",1,"Oikonym"
"Tapazzila",1,"Oronym"
"Tapazziya",1,"Oikonym"
"Tapi[",1,"Oikonym"
"Tapikka",32,"Choronym"
"Tapilu",2,"Oikonym"
"Tapiniga",1,"Oikonym"
"Tappa",1,"Oikonym"
"Tappa[",1,"Oikonym"
"Tapparešša",2,"Oikonym"
"Tapparuta",6,"Oikonym"
"Tappaššanda",1,"Oikonym"
"Tappilušša",2,"Oikonym"
"Tapšanuwanta",2,"Oikonym"
"Taptaḫina",3,"Oikonym"
"Taptagga",6,"Oikonym"
"Tapti[",1,"Oikonym"
"Taptina",18,"Oikonym"
"Tapu[",1,"Oikonym"
"Tapuggašta",2,"Oikonym"
"Tapuk[",1,"Oikonym"
"Tapulayašša",1,"Oikonym"
"Tapuranipi[",1,"Oikonym"
"Taputa",1,"Oikonym"
"Tapzupara",2,"Oikonym"
"Tarḫuntašša",115,"Choronym"
"Tara[",2,"Oikonym"
"Taraḫna",5,"Choronym"
"Taramika",3,"Oikonym"
"Taranzaši[",1,"Oikonym"
"Tarapa",2,"Oikonym"
"Tari[ ]na",1,"Oikonym"
"Tarikarimu",7,"Oronym"
"Tarim[",1,"Oikonym"
"Taripa",1,"Oikonym"
"Taritara",5,"Choronym"
"Tariyaḫatana",1,"Oikonym"
"Tariyaga",1,"Oikonym"
"Tarki[",1,"Oikonym"
"Tarkuma",2,"Oikonym"
"Tarlipanta",1,"Oronym"
"Tarmaimi",3,"Choronym"
"Tarmaliya",3,"Oikonym"
"Tarmanna",2,"Hydronym"
"Tarmatuwa",1,"Oikonym"
"Tarmaziya",8,"Choronym"
"Tarmaziya",8,"Hydronym"
"Tarša",3,"Oikonym"
"Taršiyaḫila",2,"Oikonym"
"Taru",1,"Oronym"
"Taru[",1,"Oikonym"
"Taruiša",2,"Choronym"
"Tarukka",11,"Choronym"
"Tašḫapuna",10,"Oikonym"
"Tašḫiniya",6,"Oikonym"
"Taša",2,"Oronym"
"Tašappašara",3,"Hydronym"
"Tašenipa",1,"Oikonym"
"Tašimu[",1,"Oronym"
"Tašimuwa",7,"Oikonym"
"Taškarmata",1,"Oikonym"
"Taškuriya",4,"Oikonym"
"Tašli",2,"Oikonym"
"Tašmaḫa",12,"Choronym"
"Tašpanta",1,"Oikonym"
"Tašpata (?)",1,"Oikonym"
"Tašpina",2,"Oikonym"
"Tašpinuwa",2,"Oikonym"
"Taššan[",1,"Oikonym"
"Tašta",3,"Oikonym"
"Taštarešša",19,"Choronym"
"Tašumiya",1,"Oikonym"
"Tat[",3,"Oikonym"
"Tata[",1,"Oikonym"
"Tatalupa",1,"Oikonym"
"Tataniya",4,"Oikonym"
"Tatarinna",5,"Hydronym"
"Tatarma",1,"Oikonym"
"Tatašša",2,"Oikonym"
"Tatašuna",14,"Oikonym"
"Tatimuwa",2,"Oikonym"
"Tatišga",4,"Oikonym"
"Tatta",9,"Oikonym"
"Tatta",9,"Oronym"
"Tattimma",3,"Oikonym"
"Tauriša",53,"Oikonym"
"Tawa",1,"Oikonym"
"Tawana",3,"Oikonym"
"Tawanaka",3,"Oikonym"
"Tawaštiya (?)",1,"Oikonym"
"Tawatena",1,"Oikonym"
"Tawiniya",70,"Choronym"
"Taz[",1,"Oikonym"
"Tazipa",2,"Oikonym"
"Taziša",1,"Oikonym"
"Tazpuriya (?)",1,"Oikonym"
"Te[",1,"Oikonym"
"Tedumna",2,"Oikonym"
"Tegarama",31,"Choronym"
"Teillala (?)",1,"Oikonym"
"Telmuna",1,"Oikonym"
"Temelḫa",8,"Oikonym"
"Tene[",2,"Oikonym"
"Tenenda (?)",1,"Oikonym"
"Tenti[",1,"Oikonym"
"Tepiḫina",2,"Oikonym"
"Tepša[",1,"Oikonym"
"Tepunamma",1,"Oikonym"
"Tepurziya",2,"Oikonym"
"Terpi",1,"Hydronym"
"Terumna",1,"Oikonym"
"Tešinippa",1,"Oikonym"
"Ti[",17,"Choronym"
"Ti[",17,"Oronym"
"Tiḫiḫa",1,"Oikonym"
"Tiḫšina",3,"Oronym"
"Tiḫuliya",6,"Oikonym"
"Tiḫurašiši",1,"Oikonym"
"Tianda",1,"Oronym"
"Tidanda",2,"Oikonym"
"Tiduwa",1,"Oikonym"
"Tikuišna",1,"Oikonym"
"Tikukuwa",7,"Choronym"
"Tikuna",3,"Oikonym"
"Tikunani",1,"Oikonym"
"Tila[",1,"Oikonym"
"Tilip[",1,"Oikonym"
"Tilipziya",1,"Oikonym"
"Tiliura",12,"Oikonym"
"Timalata",1,"Oikonym"
"Timi[",1,"Oikonym"
"Timiya",2,"Oikonym"
"Timmuḫala",30,"Oikonym"
"Timna",3,"Choronym"
"Tinišipa",1,"Oikonym"
"Tinizidašša",1,"Oikonym"
"Tintuniya",1,"Oikonym"
"Tip[",1,"Oikonym"
"Tipala",3,"Oikonym"
"Tipiya",17,"Choronym"
"Tippuwa",15,"Oikonym"
"Tippuwa",15,"Oronym"
"Tiputta",1,"Oikonym"
"Tiriša",1,"Oikonym"
"Tiriun",2,"Oronym"
"Tirka",1,"Oikonym"
"Tiruša",1,"Oikonym"
"Tiš",1,"Oikonym"
"Tišama",4,"Oikonym"
"Tišna",4,"Oronym"
"Tiššaruliya",21,"Oikonym"
"Tiššuwa",1,"Oikonym"
"Tit[",1,"Oikonym"
"Tita",1,"Oikonym"
"Titi[",1,"Choronym"
"Titiš[",1,"Oikonym"
"Titti[",1,"Oikonym"
"Tittiḫašša",2,"Oikonym"
"Tiu[",1,"Oikonym"
"Tiura",3,"Oikonym"
"Tiwa",1,"Oikonym"
"Tiwaliya",16,"Oikonym"
"Tiwalwalliya",2,"Oikonym"
"Tiwanzana",4,"Oikonym"
"Tiwara",3,"Oikonym"
"Tiwatašša",5,"Oronym"
"Tiya[",1,"Oikonym"
"Tiyamatura",2,"Hydronym"
"Tiyariš",3,"Oikonym"
"Tiyašili",2,"Oikonym"
"Tiyašilta",5,"Oikonym"
"Tizilima",1,"Oikonym"
"Tu-x[",1,"Oikonym"
"Tu[",2,"Oikonym"
"Tuḫ[",2,"Oikonym"
"Tuḫana",1,"Oikonym"
"Tuḫašiya",2,"Oikonym"
"Tuḫašuna",3,"Oikonym"
"Tuḫišina",1,"Oikonym"
"Tuḫišuna",2,"Oikonym"
"Tuḫma[",1,"Oikonym"
"Tuḫmiyara",17,"Choronym"
"Tuḫnika",1,"Oikonym"
"Tuḫpiliša",1,"Oikonym"
"Tuḫuluka",1,"Oikonym"
"Tuḫuppiya",25,"Choronym"
"Tuḫupurpuna",1,"Oikonym"
"Tuḫušina",1,"Oikonym"
"Tuarpa",1,"Oikonym"
"Tugaštuwa",1,"Oikonym"
"Tukkišduwa",1,"Oikonym"
"Tuma",8,"Choronym"
"Tuma[",1,"Oikonym"
"Tumanta",3,"Oikonym"
"Tumi[",1,"Oikonym"
"Tummanna",50,"Choronym"
"Tumnama",1,"Oikonym"
"Tunanta",2,"Hydronym"
"Tuni[",1,"Oikonym"
"Tunip",20,"Choronym"
"Tunteraḫa",1,"Oikonym"
"Tupa",6,"Oikonym"
"Tupazziya",9,"Choronym"
"Tupiša",1,"Oikonym"
"Tupizzalma",3,"Oikonym"
"Tupura",1,"Oikonym"
"Turaššila",2,"Oronym"
"Turira",10,"Oikonym"
"Turki",1,"Oikonym"
"Turpanda",2,"Oikonym"
"Turpina",1,"Oikonym"
"Turutna",1,"Oikonym"
"Turwan[",1,"Oikonym"
"Tušarpatta",3,"Oikonym"
"Tuššilašši",2,"Oikonym"
"Tuššimna",1,"Oikonym"
"Tutḫaliya",8,"Oikonym"
"Tutḫaliya",8,"Oronym"
"Tuttu",3,"Oikonym"
"Tuttuwa",5,"Oikonym"
"Tuttuwa",5,"Oronym"
"Tuwanuwa",25,"Choronym"
"Tuwanuya",1,"Oikonym"
"Tuwapara",1,"Oikonym"
"Tuwata[",1,"Oikonym"
"Tuwayan[",1,"Oronym"
"U[ ]awa",1,"Oikonym"
"U[ ]wa",1,"Oikonym"
"U[",6,"Hydronym"
"U[",6,"Oikonym"
"Uḫḫiuwa",6,"Oikonym"
"Uḫušmani",4,"Choronym"
"Uḫuwa (?)",1,"Oikonym"
"Ubilpaeše",4,"Hydronym"
"Uda",50,"Choronym"
"Udanna",1,"Oikonym"
"Ugarit",14,"Choronym"
"Uk[",1,"Oronym"
"Ukapuwa",2,"Oikonym"
"Ukkiya",4,"Oikonym"
"Ukkueriya",1,"Oikonym"
"Ukšu",1,"Oikonym"
"Ukulzat",5,"Choronym"
"Ukupta",1,"Hydronym"
"Ukura",1,"Oikonym"
"Ukutuipuna",1,"Oikonym"
"Ul[",2,"Choronym"
"Ulama",16,"Choronym"
"Ulašša",1,"Oikonym"
"Ulikamma",3,"Oronym"
"Ulipa-PÚ (?)",1,"Oikonym"
"Uliwi",1,"Choronym"
"Ullalli",4,"Oronym"
"Ulpina",1,"Oikonym"
"Ulušḫina",1,"Oikonym"
"Ulušna",8,"Oikonym"
"Uluwanta",1,"Oikonym"
"Ummanda",1,"Oikonym"
"Ummata",1,"Choronym"
"Umu[",1,"Choronym"
"Umurra",1,"Oronym"
"Un[",1,"Oikonym"
"Unaliya",2,"Choronym"
"Unna",1,"Oikonym"
"Unnupa",1,"Oronym"
"Unta[",1,"Oikonym"
"Ununiya",1,"Oikonym"
"Up",1,"Choronym"
"Up[",1,"Choronym"
"Upariya",1,"Oikonym"
"Uparpa",2,"Oronym"
"Uparpa[",1,"Oikonym"
"Upe",13,"Choronym"
"Upiupiya",1,"Oikonym"
"Uppana",4,"Oronym"
"Uppaššana",3,"Oikonym"
"Uppaššitta",4,"Oikonym"
"Upriya",1,"Oikonym"
"Ur[",4,"Hydronym"
"Ur[",4,"Oikonym"
"Ur[",4,"Oronym"
"Urḫiša",1,"Oikonym"
"Ura",20,"Choronym"
"Urani[",1,"Oikonym"
"Urantiya",1,"Oikonym"
"Urauna",9,"Oikonym"
"Urauna",9,"Oronym"
"Uri[",3,"Oikonym"
"Uriga",1,"Oikonym"
"Urikina",39,"Oikonym"
"Urikiša",1,"Oikonym"
"Urima",1,"Oikonym"
"Urišta",11,"Oikonym"
"Urkiša",12,"Oikonym"
"Urlašša",1,"Oikonym"
"Urma",1,"Oikonym"
"Uršu",12,"Choronym"
"Uruk",6,"Choronym"
"Ururuwa",2,"Oikonym"
"Us[ (?)",1,"Oikonym"
"Uš[",1,"Oikonym"
"Ušḫamuluniša",1,"Oikonym"
"Ušawala",2,"Oikonym"
"Ušša",36,"Choronym"
"Uššalapau",3,"Hydronym"
"Uššandanna",2,"Oikonym"
"Uššuḫa",3,"Oikonym"
"Uššuna",1,"Oikonym"
"Ušzaḫaya",1,"Oikonym"
"Utaḫzuma",1,"Oikonym"
"Utiḫ[",1,"Choronym"
"Utima",1,"Oikonym"
"Utkuniša",1,"Oikonym"
"Utruliya",1,"Oikonym"
"Utruna",8,"Oikonym"
"Uttaliya",1,"Oronym"
"Uttini (?)",1,"Choronym"
"Uwaḫšupanta",1,"Oikonym"
"Wa-x-ra",1,"Oikonym"
"Wa[",9,"Choronym"
"Waḫḫašpa",1,"Oikonym"
"Waḫaliya",1,"Oronym"
"Waḫšušana",1,"Oikonym"
"Waḫšuwanta",2,"Oikonym"
"Wakina",1,"Oikonym"
"Wala",1,"Oikonym"
"Walaya",1,"Oikonym"
"Walimuna (?)",1,"Oikonym"
"Walinna",3,"Oikonym"
"Walippa",1,"Oikonym"
"Walištašša",1,"Oikonym"
"Waliwanda",7,"Choronym"
"Waliyaḫita",2,"Oikonym"
"Waliyaša",1,"Oikonym"
"Walkina",1,"Oikonym"
"Walku[",1,"Oikonym"
"Walkuwanda",1,"Choronym"
"Walkuwaššuwa",1,"Oikonym"
"Wallarima",4,"Choronym"
"Walma",9,"Choronym"
"Waltanna",1,"Oikonym"
"Waluka[",1,"Oikonym"
"Walwara",4,"Choronym"
"Wan[",1,"Oikonym"
"Wanipa",2,"Oikonym"
"Waniya",1,"Oikonym"
"Wanna",1,"Oikonym"
"Wannada",1,"Oikonym"
"Wannanda",1,"Oikonym"
"Wannantiya",1,"Oronym"
"Wannapi[",1,"Oikonym"
"Wanši[",2,"Oikonym"
"Wantara-x-a",1,"Oikonym"
"Wanza",1,"Oikonym"
"Wanzapanta",1,"Oronym"
"Wanzataruwa",4,"Oikonym"
"Wapišilu",3,"Hydronym"
"War[",1,"Oronym"
"Warḫu[",1,"Oronym"
"Warḫuanzana",1,"Oikonym"
"Warašpa",22,"Oikonym"
"Waratta",4,"Oikonym"
"Warkašša",2,"Oikonym"
"Warkatawi",1,"Oikonym"
"Warmat[",1,"Hydronym"
"Waršiya",1,"Choronym"
"Waršiyala",2,"Oikonym"
"Wartanna",3,"Oikonym"
"Wartešḫapa",1,"Oikonym"
"Warwaliya",1,"Choronym"
"Wašḫaniya",19,"Choronym"
"Wašḫašša",1,"Oikonym"
"Wašḫaya",4,"Choronym"
"Wašanza",2,"Oikonym"
"Waši[",2,"Oikonym"
"Wašitta",5,"Oronym"
"Waššukanni",30,"Oikonym"
"Waštili",2,"Oikonym"
"Waštiša",1,"Oikonym"
"Waštišša",10,"Oikonym"
"Wašu",3,"Oronym"
"Wašuduwanta",2,"Oikonym"
"Wašulana",4,"Choronym"
"Wašuwa[",1,"Oikonym"
"Wašuwatta",1,"Oikonym"
"Watana",1,"Oikonym"
"Watarušna",5,"Oikonym"
"Watašša",1,"Oikonym"
"Watniya[",1,"Oikonym"
"Watta[",1,"Choronym"
"Wattalašḫuaš (?)",1,"Oikonym"
"Wattarwa",13,"Oikonym"
"Watumalawa",1,"Oikonym"
"Wawankuša",1,"Oikonym"
"Wawara",2,"Oikonym"
"Waziya[",1,"Oikonym"
"Wenawa",1,"Hydronym"
"Wettina",1,"Hydronym"
"Wi[",2,"Oikonym"
"Wi[",2,"Oronym"
"Widduwašina",1,"Oikonym"
"Wiluša",29,"Choronym"
"Winizua",1,"Oikonym"
"Winta[",1,"Oikonym"
"Winuwanda",3,"Oikonym"
"Wipašša",1,"Oikonym"
"Wipitiza",1,"Oikonym"
"Wiššawanda",2,"Oikonym"
"Wištawanda",6,"Oikonym"
"Witwitena",1,"Oikonym"
"Wiyali",1,"Oikonym"
"Wiyanawanta",14,"Oikonym"
"Wiyantana",1,"Oikonym"
"Za[ (?)",2,"Oikonym"
"Za[",4,"Oikonym"
"Zaḫaluka",27,"Oikonym"
"Zagga",2,"Oikonym"
"Zaišwa",1,"Oikonym"
"Zakapura",4,"Choronym"
"Zakiya",1,"Oikonym"
"Zakutan[ ]riya",1,"Oikonym"
"Zal[",2,"Oikonym"
"Zalamura",4,"Oronym"
"Zalatḫa",1,"Oikonym"
"Zalattaran",1,"Hydronym"
"Zalinuinu (?)",1,"Oronym"
"Zaliyanu",16,"Oronym"
"Zalizuzun",1,"Oikonym"
"Zallara",14,"Choronym"
"Zallawašši",1,"Oikonym"
"Zallawauya",2,"Oikonym"
"Zallur (?)",1,"Oronym"
"Zalmana",17,"Oikonym"
"Zalpa",71,"Choronym"
"Zalpar",2,"Oikonym"
"Zalputa",1,"Oikonym"
"Zalwa[",1,"Oikonym"
"Zamaziu",2,"Hydronym"
"Zammakkili (?)",2,"Oronym"
"Zan",1,"Oikonym"
"Zantananta",1,"Oikonym"
"Zanzaliya",1,"Oikonym"
"Zanzara",1,"Oikonym"
"Zanzišna",1,"Oikonym"
"Zaparašta",1,"Oikonym"
"Zapatiškuwa",13,"Oikonym"
"Zapayu",1,"Hydronym"
"Zapišḫuna",7,"Oikonym"
"Zapuri",1,"Oikonym"
"Zara",3,"Oronym"
"Zara[",2,"Oikonym"
"Zara[",2,"Oronym"
"Zaraliya",2,"Hydronym"
"Zarara[",1,"Oikonym"
"Zarašaniya",1,"Oikonym"
"Zarata",2,"Oikonym"
"Zaratna",6,"Oronym"
"Zarimi",2,"Oikonym"
"Zarimma",1,"Hydronym"
"Zarkaptuna",1,"Oikonym"
"Zarmateni",1,"Oikonym"
"Zarninuwa",1,"Oikonym"
"Zarniya",4,"Oikonym"
"Zarnušašša",2,"Oikonym"
"Zartayawašša",1,"Oikonym"
"Zaruna",3,"Choronym"
"Zarwiša",11,"Oikonym"
"Zarza",1,"Oikonym"
"Zarzarunna",2,"Hydronym"
"Zašpiya",1,"Oikonym"
"Zatarziya",6,"Oronym"
"Zawa",1,"Oikonym"
"Zazlippa",3,"Oikonym"
"Zazziša",12,"Choronym"
"Zelmutta",1,"Oikonym"
"Zi[ ]ḫara",1,"Oikonym"
"Zi[",19,"Choronym"
"Ziḫḫana",7,"Oikonym"
"Ziḫarziya",2,"Oikonym"
"Ziḫila",1,"Oikonym"
"Ziḫluša",1,"Oikonym"
"Ziḫnuwa",10,"Oikonym"
"Ziḫšama",2,"Oikonym"
"Ziḫuppaya",1,"Oikonym"
"Zidaparḫa",6,"Choronym"
"Zidapara",1,"Choronym"
"Zidduwa",2,"Oikonym"
"Ziduḫana",1,"Hydronym"
"Zigazḫura",2,"Oikonym"
"Zika[",1,"Oikonym"
"Zikapalla",4,"Oikonym"
"Zikašta",5,"Oikonym"
"Zikiškira",3,"Oikonym"
"Zikkarpišna",2,"Oikonym"
"Zikkata",1,"Oikonym"
"Zikkištera",4,"Oikonym"
"Zikmar",11,"Oikonym"
"Zikmuḫ",3,"Oikonym"
"Zikuliya",2,"Oikonym"
"Zikurka",5,"Oikonym"
"Zilalimuna",1,"Oikonym"
"Zilappuna",1,"Oikonym"
"Zillimuna",1,"Oikonym"
"Zilpitta",1,"Oikonym"
"Zilputta",2,"Oikonym"
"Ziluna",2,"Oikonym"
"Zimala",1,"Oikonym"
"Zimimpa",1,"Oikonym"
"Zimumuwa",2,"Oikonym"
"Zimuriya",4,"Choronym"
"Zin[",5,"Oikonym"
"Zin[",5,"Oronym"
"Zinḫuri",1,"Oikonym"
"Zina[",1,"Choronym"
"Zinipa",1,"Oikonym"
"Zinirnuwa",6,"Oikonym"
"Zinišḫapa",11,"Oikonym"
"Zinku[",1,"Oikonym"
"Zinkuri[",1,"Oikonym"
"Zinziliya",1,"Oikonym"
"Zinziluwa",1,"Oikonym"
"Zinzira",1,"Choronym"
"Zipar[",1,"Oikonym"
"Zipariwa",2,"Oikonym"
"Zipatta",1,"Oikonym"
"Zipi",43,"Oikonym"
"Zipida[",1,"Oikonym"
"Zipišna",2,"Oikonym"
"Zippalanda",547,"Oikonym"
"Zippašla",7,"Choronym"
"Zippašla",7,"Oronym"
"Zippašna",11,"Oikonym"
"Zippiš[",1,"Oikonym"
"Zir[",1,"Oikonym"
"Zira",1,"Oikonym"
"Ziramara",3,"Hydronym"
"Ziripa",1,"Oikonym"
"Zirišna",1,"Oikonym"
"Zirnanuwa",1,"Oikonym"
"Zišḫana",1,"Oikonym"
"Zišku[",1,"Oikonym"
"Ziškuliya",3,"Oikonym"
"Zišpa",2,"Oikonym"
"Zišparna",3,"Oikonym"
"Zišpinuwa",1,"Oikonym"
"Zištama",1,"Oikonym"
"Zitḫara",45,"Oikonym"
"Zitḫariya",1,"Oronym"
"Zitḫarunuwa",3,"Oronym"
"Zitakapiša",3,"Oikonym"
"Zitalkišwa",5,"Oikonym"
"Zitarpu",1,"Hydronym"
"Zitta[",2,"Oikonym"
"Zituna",4,"Choronym"
"Zituppiya",1,"Oikonym"
"Ziulila",4,"Oikonym"
"Ziwada",1,"Oikonym"
"Ziwana",8,"Oronym"
"Ziya (?)",1,"Hydronym"
"Ziyaluna",4,"Hydronym"
"Ziyantiška",1,"Oikonym"
"Ziyara",1,"Oikonym"
"Ziyaziya",3,"Oikonym"
"Ziz[",1,"Oikonym"
"Ziziliya[",1,"Oikonym"
"Zizimaza",1,"Oikonym"
"Zizimpa",1,"Oikonym"
"Zizzalamuna",1,"Oikonym"
"Zizzapanta",1,"Oikonym"
"Zizzila",1,"Oronym"
"Zizzilippa",2,"Oikonym"
"Zu[",3,"Hydronym"
"Zu[",3,"Oikonym"
"Zu[",3,"Oronym"
"Zuḫḫapa",2,"Oikonym"
"Zuḫaruwa",1,"Oikonym"
"Zuḫma",1,"Choronym"
"Zukkuka",1,"Oronym"
"Zulapa",8,"Choronym"
"Zuliya",33,"Hydronym"
"Zullitta",6,"Oronym"
"Zuluza",1,"Oikonym"
"Zumanti",1,"Choronym"
"Zumara(?)",1,"Oikonym"
"Zumara",1,"Oikonym"
"Zumazuwanta (?)",1,"Hydronym"
"Zummagara",2,"Hydronym"
"Zuna[",1,"Oikonym"
"Zunauliya",2,"Oikonym"
"Zunnaḫara",9,"Choronym"
"Zunti (?)",1,"Choronym"
"Zunzurḫa",3,"Choronym"
"Zunzura",1,"Choronym"
"Zupaniun",3,"Oronym"
"Zuppara",6,"Oikonym"
"Zuwaḫhu",4,"Hydronym"
"Zuwinašša",2,"Oikonym"
